"NIF;Razón Social;Ventas 2019;Ventas 2020;Ventas 2021;Ventas 2022;Ventas 2023;Ventas 2024;Ventas 2025"
"B06864623;3D SMART ENERGY SL;0,0;0,0;0,0;0,0;0,0;0,0;"
"B18617308;A&R INTERXAT IBERICA SL;0,0;0,0;0,0;0,0;0,0;0,0;"
"B19734938;A2J ENERGIA, SOCIEDAD LIMITADA;0,0;0,0;0,0;0,0;0,0;0,0;"
"B22350466;AB ENERGIA 1903 S.L.;119,295837;100,953551;87,37;60,956;50,0;63,794659;"
"B87177408;ABOUTWHITE SL;27,837028;48,2136;52,653;31,252;28,05;32,323094;"
"B09712837;ACCIONA COMERCIALIZADORA B2C, S.L;0,0;0,0;0,0;0,0;0,66;32,31116;"
"B31737422;ACCIONA GREEN ENERGY DEVELOPMENTS SL;5654,807326;4992,844023;6349,692;7441,3761;8334,31;7806,733198;"
"B13714035;ACENHOL ENERGIA CANARIAS, S.L;0,0;0,0;0,0;0,793;0,0;2,978964;"
"B71438634;ACENHOL ENERGIA SL;0,0;0,0;0,0;0,0;10,57;36,125801;"
"A87623971;ACSOL ENERGIA GLOBAL SA;150,636;54,261;45,296;36,319;31,83;28,673796;"
"NL820413537801;ACT COMMODITIES B.V;0,0;0,0;0,0;0,0;0,0;0,0;"
"B40620742;ACTIVA COMERCIALIZADORA DE ENERGIA SOCIEDAD LIMITADA;0,0;3,828805;4,233;8,3042;7,74;11,04032;"
"B25794207;ADEINNOVA ENERGIA SL;113,235715;98,645692;81,595;81,471866;73,13;83,498009;"
"B26500231;ADELFAS ENERGIA SL;121,434;142,545;118,527;108,569;232,8;401,005425;"
"B40657405;ADS ENERGIA AUDITORES Y CONSULTORES S.L.;0,0;0,0;0,0;0,0;3,13;13,927716;"
"B66162421;ADS ENERGY 8.0 SL;23,611;29,248;32,773;34,11;9,36;6,5849;"
"B09378720;ADURIZ ENERGIA SL;25,05;25,336;23,939;23,501;19,89;20,48357;"
"B72562051;ADX RENOVABLES, S.L.;0,0;0,0;0,0;0,0;12,73;324,050449;"
"B10915544;AED ENERGIA ELECTRICA SL;0,0;0,0;0,0;0,01947;1,76;8,6062;"
"A75729822;AEQ W2M, S.A.;0,0;0,0;0,0;0,0;0,0;0,0;"
"B19374933;AG OIL SERVICES, S.L.;0,0;0,0;0,0;0,0;0,0;0,0;"
"A17000837;AGRI-ENERGIA S.A.;139,88;144,31;141,607;153,057;122,81;119,542772;"
"B09985631;AHORA LUZ ENERGIA SOCIEDAD LIMITADA;0,0;0,0;0,0;0,0;8,11;23,562923;"
"B88573217;AHORRA ENERGIA ASESORES, S.L.;0,0;0,0;0,0;0,0;0,0;0,0;"
"B66868902;AHORRELUZ SERVICIOS ONLINE S.L;3,513;52,045;70,666;109,967;80,83;136,413097;"
"B02469096;AIRE LIMPIO S.L.;1,203743;5,813709;12,027;16,979349;15,95;71,559704;"
"B56251754;AIZEN ENERGIA SOSTENIBLE Y RENOVABLE SL;0,0;0,0;0,0;0,0;0,0;0,0;"
"B98373269;ALCANZIA ENERGIA SOCIEDAD LIMITADA;384,176;225,67;186,22;156,06;162,34;165,380335;"
"B86787900;ALDEFE COMERCIALIZADORA DE ENERGIA SL;55,528;54,727189;53,506;0,0;0,0;0,0;"
"B72915168;ALIO ENERGIA SL;0,0;0,0;0,0;0,0;0,01;0,63886;"
"B87997821;ALMA LUZ Y GAS, S.L.;0,0;0,0;0,0;0,0;1,587267;1,587267;"
"B87910352;ALPEX IBERICA DE ENERGIA, S.L.;0,962146;23,028601;36,29;33,84216;31,03;46,58511;"
"N0391655H;ALPIQ AG;0,0;0,0;0,0;0,0;0,0;0,0;"
"A82405788;ALPIQ ENERGIA ESPAÑA SAU;1584,808;3625,558;2127,769;3225,892103;1663,49;1213,069;"
"A42785949;ALQUILER SEGURO ENERGÍA SA;0,0;0,0;0,0;18,17;33,21;39,815421;"
"B88563812;ALTANO FORUM, S.L.;0,0;0,0;0,0;0,0;0,0;0,0;"
"B87075982;ALTERNA OPERADOR INTEGRAL, S.L;401,32949;697,096;723,26;184,166;2,8;2,071;"
"B66436437;ALUMBRA CORPORACION, S.L.;0,0;0,0;0,0;8,829678;48,5;96,458903;"
"B42747873;ALUZ ENERGIA ELECTRICA SL;0,0;0,0;0,0;27,41;34,28;44,60568;"
"B70963020;AMPERE ENERGY COMERCIALIZADORA Y SERVICIOS ENERGETICOS S.R.L.;0,0;0,0;0,0;0,0;0,0;0,0;"
"B01970060;AMPERIOS ENERGY TRADE S.L.;0,0;0,0;0,0;0,013243;1,92;19,817621;"
"B87757464;ANTEA ENERGIA COMERCIALIZADORA SL;13,47;13,752;16,078;5,397;3,75;3,11468;"
"B86267630;ANTUKO ENERGIA SL;0,0;0,0;0,0;0,0;0,0;0,0;"
"CHE102285624;AOT ENERGY SWITZERLAND AG;0,0;0,0;0,0;0,0;0,0;0,0;"
"B56263304;APOLO BUSINESS SL;0,0;0,0;0,0;0,0;0,0;1,708596;"
"B65519647;ARACAN ENERGIA SL;99,7;109,562;110,67;91,35;151,26;127,692028;"
"N0187867G;ARCELORMITTAL ENERGY S.C.A.;0,0;0,0;0,0;0,0;0,0;0,0;"
"B90053232;ARSUS ENERGIA SL;0,0;33,917272;40,652;56,438886;75,32;69,67529;"
"B56846082;ASSENN ENERGY S.L.;0,0;0,0;0,0;0,0;0,0;1,72127;"
"N0681820G;ASTRA BIOPLANT LTD;0,0;0,0;0,0;0,0;0,0;0,22044;"
"B06986145;ASTRALCAD ENERGIA SL;0,0;0,0;0,0;4,593;10,04;16,474612;"
"B76366723;ATENCO ENERGIA, SOCIEDAD LIMITADA;0,0;2,451776;2,333;45,332;60,53;84,023984;"
"B76337914;ATLANTICO GAS NATURAL, S.L.;0,0;0,0;0,0;0,0;0,0;0,0;"
"B25732314;ATLAS ENERGIA COMERCIAL, S.L.;293,277;347,38;423,732;413,598;337,0;504,956;"
"IE42570051H;ATLAS ENERGY DESIGNATED ACTIVITY COMPANY;0,0;0,0;0,0;0,0;0,0;0,0;"
"B56245913;ATP ENERGIA SL;0,0;0,0;0,0;0,0;0,0;0,0;"
"B06770226;ATRIA INVERSIONES ENERGIA, S.L.;0,0;0,0;0,0;0,0;0,0;0,0;"
"A62338827;AUDAX RENOVABLES SA;1677,22;1675,941;1725,567;1537,544;1039,91;651,232541;"
"B95868188;AUSARTA PRIMA SL.;33,717337;38,969133;41,833;30,916919;27,15;33,651687;"
"B44850972;AVANZA SUENTY,SL;0,0;0,0;0,0;0,0;0,0;0,0;"
"A73444242;AVANZALIA ENERGIA COMERCIALIZADORA SA;98,969497;124,13447;125,507;97,390041;46,93;42,980872;"
"GB410064848;AVENIR SUPPLY AND TRADING LIMITED;0,0;0,0;0,0;0,0;0,0;0,0;"
"N0259460D;AXEGAZ TRADING AND TECHNOLOGIES, S.A.S.;0,0;0,0;0,0;0,0;0,0;0,0;"
"B63816482;AXOIL ENERGY, S.L.;2357,2177;4301,858;6309,927;7256,152;3178,48;2350,696;"
"B83160994;AXPO IBERIA SL;7404,02722;14727,76;12969,573;12137,38926;12459,78;9234,139186;"
"B73852972;AYLUZ COMERCIALIZADORA ELECTRICA, S. L.;4,386261;3,741722;4,093;3,100335;2,88;3,136753;"
"B48969877;BAHIA DE BIZKAIA ELECTRICIDAD, SL;0,0;0,0;0,0;0,0;0,0;0,0;"
"N0277962G;BARMALGAS GMBH;0,0;0,0;0,0;0,0;0,0;0,0;"
"B12985073;BARTER SHARING, S.L.;0,0;0,0;0,0;0,053767;0,47;3,193333;"
"A74251836;BASER COMERCIALIZADORA DE REFERENCIA S.A.;712,6;728,5;747,363;875,63;2320,0;2454,937291;"
"B17653213;BASSOLS ENERGIA COMERCIAL SL;294,04295;262,332264;237,794;157,709069;86,92;127,1778;"
"B44532513;BDGAS ENERGIA 2018, S.L.;0,0;0,014;0,0;106,256;107,71;41,241414;"
"B09607144;BEROIL ENERGIA ELÉCTRICA SL;0,0;0,0;0,0;0,157235;6,31;15,897021;"
"B56814387;BESPIN ENERGÍA, S.L.;0,0;0,0;0,0;0,0;0,0;0,0;"
"B56631039;BEST OPTION ENERGY SOCIEDAD LIMITADA;0,0;0,0;0,0;0,0;0,0;0,0;"
"B55405898;BG SINERGY EUROPA SOCIEDAD LIMITADA;0,0;0,0;0,0;0,516;0,0;0,516;"
"A91079715;BIOCARBURANTES DE CASTILLA Y LEON SA;0,33632;0,183;0,136;0,144;0,37;0,0;"
"B97526008;BIOCOM ENERGIA SL;0,0;0,0;0,0;0,583509;2,07;0,0;"
"B22314975;BIODIESEL ARAGON SL;0,0;0,0;0,0;6,507;4,17;4,038962;"
"B95407391;BIODIESEL BILBAO SL;0,0;0,0;0,0;0,0;0,0;0,0;"
"A36822146;BIOETANOL GALICIA SA;0,0;0,0;0,0;0,0;0,0;0,0;"
"B84688738;BIO-OILS HUELVA SL;0,0;0,0;0,0;0,0;0,0;0,0;"
"B64673551;BIOTRADING 2007, S.L.;0,0;0,0;0,0;0,0;0,0;0,0;"
"B36989556;BIOVIGO ENERGY SL;0,0;0,0;0,0;0,0;0,0;720,624021;"
"B39806062;BIROU GAS SL;0,0;57,495865;97,293;231,73;311,36;468,651539;"
"B48948830;BIZKAIA ENERGIA SL;0,0;0,0;0,0;0,0;0,0;0,0;"
"B91794941;BLUBAT PULSAR SL;0,0;0,0;0,0;7,28276;29,49;48,227944;"
"A10896009;BLUE ATLÁNTICA ENERGY IBERIA, S.A.;0,0;0,0;0,0;0,0;0,0;0,0;"
"B44993350;BOAENERGETICA 2000 SL;0,0;0,0;0,0;0,0;0,0;0,0;"
"A08665838;BON PREU, SAU;0,0;2,839052;204,499;121,64;188,69;216,62271;"
"B25672213;BONAREA ENERGIA, S.L.;3260,229;3281,644;3376,573;3732,711;4375,78;3586,317;"
"A28135846;BP ENERGÍA ESPAÑA, S.A.U.;41080,0;34795,21009;39293,767;42561,83049;33107,07;34152,37655;"
"A82422031;BP GAS & POWER IBERIA, S.A.U.;3005,495;7090,861381;8127,03;2677,225179;2862,45;3912,669248;"
"B44620607;BP REFINED PRODUCTS TRADING IBERIA SL;0,0;0,0;0,0;0,0;0,0;0,0;"
"NL813532358801;BRIGHTFIELD TRADING B.V;0,0;0,0;0,0;0,0;0,0;0,0;"
"B42544742;BSG ENERGIA SL;4,708;5,966;5,53;3,379;3,3;4,509;"
"B82488842;CALORÍFICA DOMÉSTICA S.L.;0,0;0,0;0,0;29,689;22,0;24,577125;"
"A64277361;CAMPA IBERIA SA;0,0;0,0;0,0;0,0;0,0;0,0;"
"B16733834;CANARIAS LUZ ENERGIA RENOVABLE, SOCIEDAD LIMITADA;0,0;0,0;0,0;0,793;4,71;5,01668;"
"B88323175;CANDELA COMERCIALIZADORA SL;0,0;0,0;0,0;0,085;65,89;210,232122;"
"B84594340;CAPITAL ENERGY READ, S.L.;0,0;0,0;0,0;0,0;0,0;0,0;"
"B72725245;CAPTURA ENERGIA, SOCIEDAD LIMITADA;0,0;0,0;0,0;0,0;0,0;0,0;"
"B87492583;CAPWATT COMERCIAL SLU;0,0;0,0;0,0;0,0;0,0;35,097181;"
"B87370771;CAPWATT SUPPLY & TRADING SL;0,0;0,0;0,0;0,0;0,0;121,427474;"
"W0174149E;CARGILL N.V.;0,0;0,0;0,0;0,0;0,0;0,0;"
"B85969491;CARVISA ENERGIA SL;67,360327;62,677768;58,3;49,07425;42,19;51,6313;"
"CHE387939524;CASTLETON COMMODITIES MERCHANT EUROPE S.a.r.l.;0,0;0,0;0,0;0,0;0,0;0,0;"
"A61293387;CATGAS ENERGIA SA;110,722564;184,062;217,392;174,492;123,81;95,904635;"
"F03013349;CATRALENSE COOP ELECTRICA BENEFICA;13,401342;13,682473;14,028;7,774997;5,88;4,669495;"
"B56989296;CEMENTO SOLAR SPAIN, S.L.;0,0;0,0;0,0;0,0;0,0;0,0;"
"A01323310;CENTRAL HIDROELECTRICA SAN PEDRO DE ARAIA, S.A.;0,0;0,0;0,0;0,0;0,94;0,0;"
"N8266307A;CENTRICA ENERGY LIMITED;0,0;0,0;0,0;0,0;0,04;0,0;"
"N0288359C;CENTRICA ENERGY TRADING A/S;0,0;0,0;0,0;0,0;0,0;0,0;"
"N8266304H;CENTRICA LNG COMPANY LIMITED;0,0;0,0;0,0;0,0;0,0;0,0;"
"B87646196;CEPSA BIOENERGIA SAN ROQUE;0,0;0,0;0,0;0,0;0,0;0,0;"
"A82485335;CEPSA GAS COMERCIALIZADORA, S.A.;4393,086;4704,499;4856,535;3097,614;3046,18;3205,173647;"
"CZ45274649;CEZ, A. S.;0,0;0,0;0,0;0,0;0,0;0,0;"
"GB217728594;CHENIERE MARKETING INTERNATIONAL LLP;0,0;0,0;0,0;0,0;0,0;0,0;"
"B19401231;CHURCH ENERGY, S.L.;0,0;0,0;0,0;0,0;0,0;0,0;"
"A87102703;CIBELES ENERGIA CENTURY21 GO, S.A. UNIPERSONAL;0,0;0,0;0,0;3,515;0,06;0,0;"
"A74255282;CIDE HCEnergía, S.A.;1166,548733;1119,50758;1206,94;1078,183499;578,23;516,372793;"
"B26558056;CIMA ENERGIA COMERCIALIZADORA SL;0,0;4,996;0,0;28,142;19,69;17,758444;"
"B88578901;CLEARVIEW ENERGY S.L.;0,0;0,0;0,0;0,001;1,77;10,4615;"
"B99505679;CLOUD ENERGY SYSTEM, S.L;0,0;0,0;0,0;0,0;0,0;0,0;"
"GB406682003;CNOOC U.K. MARKETING LTD;0,0;0,0;0,0;0,0;0,0;0,0;"
"AE100491567200003;COBBLESTONE ENERGY DMCC;0,0;0,0;0,0;0,0;0,0;0,0;"
"IE4261847JH;COBBLESTONE ENERGY EUROPE LIMITED;0,0;0,0;0,0;0,0;0,0;0,0;"
"B88110341;COLABORA ENERGIA-ARGUS SL;0,0;0,0;0,0;0,0;0,97;0,0;"
"B88015540;COLORS ENERGY, S.L.,;0,0;0,0;0,0;0,0;0,0;1,774485;"
"B42718924;COMERCAST ENERGIAS SOCIEDAD LIMITADA;0,0;0,0;0,0;0,040908;0,0;2,151687;"
"B14888325;COMERCIAL Y ASESORA DE ELECTRICIDAD, S.L.;3,931627;3,497789;3,277;3,637427;2,8;1,817;"
"B25813759;COMERCIALITZADORA ELECTRICA D'ALBATARREC SL;3,673901;3,360819;3,439;2,33186;2,03;1,87694;"
"B25813767;COMERCIALITZADORA ELECTRICA DE MONTOLIU DE LLEIDA S.L.U;1,083414;1,116866;1,09;1,908965;1,58;1,86313;"
"B25818733;COMERCIALITZADORA ELECTRICA SUDANELL SL;2,946902;2,835453;2,72;2,484657;1,7;1,57925;"
"B25816745;COMERCIALITZADORA TORRES ENERGIA SL;7,52;7,27;7,088;6,46;6,44;6,47;"
"B86986684;COMERCIALIZADOR DE REFERENCIA ENERGÉTICO, S.L.U.;84,23718;111,468416;133,029;111,75403;130,67;148,022588;"
"B67580118;COMERCIALIZADORA ADI ESPAÑA SL;0,0;0,0;0,0;9,023;44,94;49,323375;"
"B93506681;COMERCIALIZADORA DE ELECTRICIDAD Y GAS DEL MEDITERRANEO SL;22,87913;38,714493;35,395;51,518411;94,73;232,452214;"
"B12965059;COMERCIALIZADORA DE ENERGIA DIRECTA SL;5,08164;4,682;3,892;20,555;23,88;31,0658;"
"B44540607;COMERCIALIZADORA DE ENERGIA TRANSPARENTE, S.L..;0,0;0,0;0,0;0,0;0,0;0,0;"
"B70711338;COMERCIALIZADORA DE ENERGIAS RENOVABLES Y DE SERVICIOS DE LUZ AMA Y GAS ZON, S.L.;0,0;0,0;0,0;0,0;0,0;0,0;"
"B67571802;COMERCIALIZADORA ELECTRICA COMUNIDAD SOLAR S.L.;0,0;0,0;0,0;1,199;1,11;4,417106;"
"A11507357;COMERCIALIZADORA ELECTRICA DE CADIZ, S.A.;183,828142;171,728941;174,037;154,5637;128,53;118,828848;"
"B56895949;COMERCIALIZADORA ELECTRICA DE TENERIFES;0,0;0,0;0,0;0,0;0,0;0,0;"
"B16322042;COMERCIALIZADORA ELECTRICA TALAYUELAS SL;4,341687;1,516282;1,72;0,97838;0,86;0,819175;"
"A95978581;COMERCIALIZADORA ENERGÉTICA SOSTENIBLE SOCIDAD ANÓNIMA;0,4;0,8;0,332;0,7;0,8;0,871731;"
"B76361393;COMERCIALIZADORA EUROPEA DE ENERGIA LIMPIA, S.L.;0,0;0,0;0,0;1,258;0,31;0,038;"
"B87387296;COMERCIALIZADORA GONZALEZ ENERGIA SL;0,0;0,0;0,0;0,0;0,0;0,0;"
"B05421227;COMERCIALIZADORA HAZ DE LUZ RENOVABLE, S.L.;0,0;0,0;0,0;0,0;0,0;0,0;"
"A82444464;COMERCIALIZADORA IBERICA GAS ENERGIA;0,0;0,0;0,0;0,0;0,0;0,0;"
"B22414270;COMERCIALIZADORA LA CHISTABINA, SLU;0,236319;0,248038;0,233;0,237281;0,24;0,24612;"
"B17650995;COMERCIALIZADORA LERSA, S.L.;26,082;19,96;18,727;20,237501;17,35;18,837163;"
"B88584016;COMERCIALIZADORA LUZ RURAL S.L.;0,0;0,0;0,0;0,0;0,0;0,0;"
"A65067332;COMERCIALIZADORA REGULADA GAS & POWER SA;10986,0;10554,0;10153,607;9057,0;10226,0;10492,21;"
"B97007975;COMERCIALIZADORA SUMINISTROS ESPECIALES ALGINETENSES SL;0,0;0,0;0,0;0,0;0,0;0,0;"
"FR59957520901;COMPAGNIE NATIONALE DU RHÔNE;0,0;0,0;0,0;0,0;0,0;0,0;"
"A83310946;COMPAÑIA DE GAS LICUADO ZARAGOZA SA;0,0;0,0;0,0;0,0;0,0;0,0;"
"B16964389;COMPAÑIA DEL SOL DE ELECTRICIDAD S.L.;0,0;0,0;0,0;0,03578;3,62;3,680285;"
"B65711855;COMPAÑIA LUMISA ENERGIAS SL;21,059616;22,735896;22,17;19,079;14,28;14,967;"
"B66024464;CONECTA2 ENERGIA SL;122,162;112,418;106,793;135,22;116,03;125,326;"
"331469213;CONOCOPHILLIPS (U.K.) MARKETING AND TRADING LIMITED;0,0;0,0;0,0;0,0;0,0;0,0;"
"B25545302;CONSULTING AND MANAGEMENT GREEN ENERGY SOCIEDAD LIMITADA;0,0;0,0;0,0;0,0;0,09;1,260398;"
"F03013257;COOP ELECTRICA BENEF SAN FRANCISCO DE ASIS S. COOP;60,820111;57,171214;56,22;47,297768;38,91;39,183974;"
"F03013323;COOP. ELECTRICA BENEFICA ALBATERENSE COOPV;16,072117;16,318073;16,634;10,707;7,82;8,611605;"
"F12057196;COOP.V.ELECTRODISTRIBUIDORA FUERZA Y ALUMBRADO SERRALLO;0,367543;0,399339;0,379;0,33117;0,3;0,302569;"
"F46025136;COOPERATIVA ELECTRICA DE CASTELLAR, SOCIEDAD COOPERATIVA VALENCIANA;8,0858;8,307523;8,369;5,892742;4,87;5,426203;"
"B54691589;CORPOLUX SL;2,320301;2,2031;2,16;1,096;0,87;0,824418;"
"A25445131;CORPORACION ALIMENTARIA GUISSONA, S.A.;67,685;181,418;150,0;434,544;174,62;204,91982;"
"B87166435;COX ENERGIA COMERCIALIZADORA ESPAÑA;60,146866;21,231619;17,33;40,078362;42,63;55,066814;"
"B67511865;CREAENERGIA ECO SL;0,0;0,0;0,0;0,0;0,17;4,59976;"
"B02742302;CRECE SOLUCIONES DE ENERGIA SOCIEDAD LIMITADA;0,0;0,0;0,0;0,44533;2,5;5,304499;"
"B13377676;CRINGAS, S.L.;13,801527;17,997855;22,233;35,473505;44,54;45,672411;"
"B85728855;CRIOGENIA Y SERVICIOS, S.L.;0,0;0,0;0,0;0,0;0,0;0,0;"
"A95554630;CURENERGIA COMERCIALIZADOR DE ULTIMO RECURSO, S.A.U.;7430,792;7838,452;7822,763;6539,957;8324,33;8865,58792;"
"B22433361;CUVER DESTELLA ENERGIA, S.L.;0,0;0,0;0,0;0,0;0,0;0,0;"
"B19459106;CYCLEO COMERCIALIZADORA, S.L.;0,0;0,0;0,0;0,0;0,0;0,0;"
"B98516693;CYE ENERGIA SOCIEDAD LIMITADA;126,98671;184,62625;266,725;222,37059;222,78;302,57204;"
"B04787024;DAIMUZ ENERGIA SOCIEDAD LIMITADA;39,15434;38,517006;37,39;21,159;27,18;29,4702;"
"DK28113951;DANSKE COMMODITIES A/S;0,0;0,0;0,0;0,0;0,0;0,0;"
"B16685208;DEBARU ENERGIA, S.L.;0,0;0,0;0,0;0,0;0,0;0,0;"
"B88450655;DEEPKI ESPAÑA SL;0,0;0,0;0,0;0,0;0,0;0,0;"
"B05467238;DESBALANCES DE GAS S.L;0,0;0,0;0,0;0,0;0,0;0,0;"
"B98790041;DEVAL PETROLEUM, S.L.;0,0;0,0;0,0;0,0;0,0;0,0;"
"B05272182;DILUZ COMERCIALIZADORA DE ELECTRICIDAD SOCIEDAD LIMITADA;0,0;0,0;0,0;0,0;0,12;0,57443;"
"B88404751;DINERGETICA 2050 SLU;0,0;0,0;0,0;0,0;0,0;2,054766;"
"B88573225;DIRECT GREEN SL;0,0;0,0;0,0;0,0;0,0;0,0;"
"B76730324;DISA ENERGIA ELECTRICA S.L.;100,76471;127,19821;138,596;187,39745;225,73;362,12402;"
"B59979807;DISA ENERGY, S.L.U;42,53;298,92;189,957;1099,7;1934,93;1805,124398;"
"A38453825;DISA GAS S.A.U.;1038,7899;734,9839;939,403;997,466769;1009,37;1048,874822;"
"B84070937;DISA PENINSULA, S.L.U;13733,97;10669,87;10970,058;13558,76;12128,44;8417,02194;"
"A38453809;DISA RED DE SERVICIOS PETROLIFEROS, SAU;4126,96;3048,69;2710,545;3515,27;3359,01;3218,25;"
"B84070960;DISA RETAIL ATLANTICO, SLU;1230,64;888,53;839,268;985,27;953,49;887,37;"
"B38862132;DISA SUMINISTROS Y TRADING, S.L.U.;0,0;0,0;0,0;0,0;0,0;0,0;"
"A36021962;DISTRIBUIDORA ELECTRICA DE CATOIRA SA;2,487379;2,667368;2,693;1,957;1,52;1,519;"
"B23770977;DIVICONSULTING ENERGIA SOCIEDAD LIMITADA;4,106638;8,63215;16,066;11,052997;8,9;10,472113;"
"B99340564;DOMESTICA GAS Y ELECTRICIDAD, S.L.U.;19,160809;16,433114;15,19;23,859737;27,08;40,810832;"
"B19827153;DON BELTRAN MARKET SL;0,0;0,0;0,0;0,0;0,0;0,0;"
"N0360661C;DOUROGÁS COMERCIAL, S.A.;0,0;0,0;0,0;0,0;0,0;0,0;"
"N0100433B;DOUROGÁS NATURAL-COMÉRCIO DE GÁS NATURAL E ENERGIA, S.A.;0,0;0,0;0,0;0,0;0,0;0,0;"
"B86863610;DRK ENERGIA S.L.;41,27721;38,223984;35,77;42,539;35,35;38,271089;"
"NL865603595B01;DRW ENERGY EUROPE BV;0,0;0,0;0,0;0,0;0,0;0,0;"
"A81798480;DX COMERCIALIZADORA ENERGETICA SA;33,97096;22,97139;23,905;14,42423;4,28;1,82775;"
"N0394304J;DXT COMMODITIES SA;0,0;0,0;0,0;0,0;0,0;0,0;"
"B48503585;DYNEFF ESPAÑA, SLU;3734,091;3062,914;3376,573;4775,122;3608,76;2672,464;"
"B71398531;EBROENERGIA COMERCIALIZADORA, S.L.;0,0;0,0;0,0;7,68;12,51;17,414;"
"IT03469240547;ECO TRADE S.R.L;0,0;0,0;0,0;0,0;0,0;0,0;"
"A81406266;ECOCARBURANTES ESPAÑOLES, S.A.;0,21;0,43;0,495;0,06;0,32;0,35;"
"B13931795;ECOCYCLE SERVICES, S.L.;0,0;0,0;0,0;0,0;0,0;0,0;"
"B99550006;ECOLOGIA DE SERVICIOS INTEGRADOS S.L.;0,0;0,0;0,0;0,0;0,0;0,0;"
"A58565755;ECOLÓGICA IBÉRICA Y MEDITERRÁNEA, S.A.;0,0;0,0;0,0;0,0;0,0;0,0;"
"A08396319;ECOMOTION BIODIESEL SA;0,0;0,0;0,0;0,0;0,0;0,191;"
"F19300045;ECONACTIVA, S.COOP. DE CLM-;0,57;0,64;0,713;0,004;0,0;0,0;"
"B70921481;ECOTHERMIC XXI, S.L.;0,0;0,0;0,0;0,0;0,0;0,0;"
"B10510154;ECOVERGY RENOVABLES S.L.;0,0;0,0;0,0;0,0;0,0;8,215056;"
"GB735547907;EDF TRADING LIMITED;0,0;0,0;0,0;0,0;0,0;0,0;"
"N00511321;EDISON SPA;0,0;0,0;0,0;0,0;0,0;0,0;"
"A74472911;EDP CLIENTES SOCIEDAD ANÓNIMA;0,0;2191,6;2127,769;15363,2;11914,3;10489,436414;"
"A33473752;EDP ESPAÑA, S.A.U.;0,0;0,0;0,0;0,0;0,0;0,0;"
"PT508202370;EDP GEM PORTUGAL, S.A;0,0;0,0;0,0;0,0;0,0;0,0;"
"F37560554;EFI DUERO ENERGY SOCIEDAD COOP EUROPEA LIMITADA;2,929332;4,000464;4,896;4,95002;5,89;6,380737;"
"B88489802;EKHI ENERGY MANAGEMENT S.L.;0,0;0,0;0,0;0,0;0,12;0,21756;"
"B13977129;EKHINEO ENERGIA SL;0,0;0,0;0,0;0,0;0,0;19,055423;"
"B75229369;EKILUZ ENERGIA COMERCIALIZADORA SL.;0,0;0,0;0,0;0,212739;0,66;16,882316;"
"B57986812;ELECBALEAR,S.L.;4,441932;4,809666;5,176;3,353;5,32;8,19457;"
"B14988125;ELECNOVA SIGLO XXI SL;2,130948;2,37492;3,043;2,6047;14,89;28,017941;"
"B90486572;ELECTED ENERGY SOCIEDAD LIMITADA;0,0;0,0;0,0;7,29;14,82;20,757;"
"B36878510;ELECTRA ALTO MIÑO COMERCIALIZADORA DE ENERGÍA S.L.U.;36,683089;37,102784;37,523;26,889;23,33;24,05;"
"B17659111;ELECTRA AVELLANA COMERCIAL, SL;35,005293;27,274;22,787;21,54;17,48;14,605313;"
"A62420815;ELECTRA CALDENSE ENERGIA SA;154,94;161,1;161,1;208,11;191,62;195,209538;"
"B94133535;ELECTRA CUNTIENSE COMERCIALIZADORA SLU;8,015;7,222528;6,793;6,182;5,78;5,66425;"
"A25466939;ELECTRA DEL CARDENER ENERGIA SA;51,04131;50,8736;50,706;27,1501;22,19;22,10013;"
"A12542296;ELECTRA ENERGIA SA;55,371686;53,250107;51,987;48,056843;36,08;43,006933;"
"A33531690;ELECTRA NORTE ENERGIA, SA;9,95006;9,804049;9,655;7,89453;6,12;6,277687;"
"B62419015;ELECTRACOMERCIAL CENTELLES SLU;27,761809;25,549086;24,635;17,604737;14,59;16,082458;"
"B53482774;ELECTRICA ALBATERENSE SL;8,954922;7,887783;7,175;5,435;4,49;0,575887;"
"F46024428;ELECTRICA ALGIMIA ALFARA SDAD COOP VALENCIANA;1,903;1,93;1,93;1,576;1,43;1,382;"
"B25389354;ELECTRICA ANTONIO MADRID, SL;3,454612;4,751925;5,683;4,05;3,25;6,687632;"
"B22410286;ELECTRICA BENASQUE SLU;8,727482;8,064256;7,975;7,453935;5,83;6,30942;"
"B53485140;ELECTRICA CATRALENSE SL;1,70054;2,255513;2,56;2,109828;1,57;2,866922;"
"F46004750;ELECTRICA DE GUADASSUAR COOP. V.;15,16;14,929257;14,539;9,20868;6,96;7,218609;"
"F03013331;ELECTRICA DE CALLOSA DE SEGURA COOP V;22,756542;22,442623;21,885;13,07325;9,36;9,500419;"
"F46233680;ELECTRICA DE CHERA SDAD COOP VALENCIANA;1,074;1,134111;1,164;0,940846;0,9;0,810214;"
"F46004768;ELECTRICA DE MELIANA SDAD COOP VALENCIANA;8,106495;8,164699;8,165;6,013831;5,12;4,994839;"
"F46027298;ELECTRICA DE SOT DE CHERA, SOCIEDAD COOPERATIVA VALENCIANA;1,2;1,005439;0,971;0,67406;0,62;0,625719;"
"F46043733;ELECTRICA DE VINALESA SDAD COOP VALENCIANA;5,420789;5,346864;5,299;3,917187;3,46;3,395392;"
"B25267220;ELECTRICA DEL MONTSEC SL;4,28775;3,69;3,456;3,075543;3,12;0,0;"
"F28155497;ELECTRICA DEL POZO S COOP MAD;5,603;5,317;5,2;4,121;3,73;3,693;"
"B25780800;ELECTRICA GUIXES ENERGIA SL;172,714011;185,477602;192,236;303,41;262,34;264,581827;"
"B55697650;ELECTRICA MUNICIPAL DE SANTA COLOMA DE QUERALT COMERCIALITZADORA SL;6,1406;5,910858;5,773;4,703592;3,98;3,924629;"
"F03013356;ELECTRICA NUESTRA SEÑORA DE GRACIA SOC. COOP. V.;8,835187;8,944977;8,845;6,186345;5,29;5,528945;"
"F28201374;ELECTRICA POPULAR, S. COOP. MAD.;4,796075;4,972072;5,06;3,269743;2,61;2,84035;"
"B25818485;ELECTRICA SALAS DE PALLARS COMERCIALITZADORA;0,960368;0,826607;0,757;0,911751;0,82;0,80287;"
"B25051947;ELECTRICA SEROSENSE SL;117,056;102,548;95,296;59,18;50,37;51,75;"
"B93158293;ELECTRICA SERRANIA DE RONDA ENERGIA SL;9,056564;8,426429;8,111;6,721485;6,01;5,930104;"
"A57048332;ELECTRICA SOLLERENSE SA;67,611791;62,22228;57,937;121,04495;99,2;66,6763;"
"A17651829;ELECTRICA VAQUER ENERGIA SAU;9,08732;9,115397;8,983;8,154;6,64;6,992014;"
"B88181441;ELECTRICIDAD ELEIA S.L.U;2,924864;204,999141;473,083;1641,482;2476,66;2392,148551;"
"B25819749;ELECTRICITAT D'ALMENAR S.L.U.;8,0;7,0;7,0;6,0;8,0;11,0;"
"F12010179;ELECTRO DISTRBUIDORA DE FUERZA Y ALUMBRADO CASABLANCA S. COOP V.;1,806;1,835;1,835;1,415;1,19;1,186;"
"N0073616E;ELECTROROUTE ENERGY TRADING LIMITED;0,0;0,0;0,0;0,0;22,51;0,0;"
"B72313992;ELEGA ENERGIA SL;0,002174;5,284011;17,587;18,916652;45,2;38,239605;"
"B98825680;ELEK COMERCIALIZADORA ELECTRICA;29,180426;33,910669;36,276;34,053927;0,0;61,127979;"
"CHE134825401;ELEMENT ALPHA S.A;0,0;0,0;0,0;0,0;0,0;0,0;"
"B98670763;ELEVA 2 COMERCIALIZADORA SL;33,205162;28,831191;26,654;43,75331;25,72;32,275798;"
"B98583115;ELEVA UNO COMERCIALIZADORA SL;0,0;0,0;0,0;0,0;0,0;0,0;"
"B42761379;ELITE BIOENERGIA, S.L.;0,0;0,0;0,0;0,0;0,31;0,590994;"
"B01654359;E-LUZ ENERGY SOLUTIONS SL;0,0;0,0;0,0;0,264;2,89;8,39;"
"B71308910;EMASP SERVICIOS DE VALOR AÑADIDO, S.L;0,0;0,0;0,0;0,0;0,0;0,0;"
"A07000029;EMAYA;0,0;0,0;0,0;0,000322;61,06;127,625497;"
"B72775513;EMPRESA DE ALUMBRADO ELÉCTRICO DE CEUTA ENERGIA, S.L.U.;0,0;0,0;0,0;0,0;92,67;86,713903;"
"B85778041;ENARA GESTION Y MEDIACION SOCIEDAD LIMITADA;20,17013;19,314005;18,92;60,38896;57,07;65,9731;"
"B09857822;ENCIENDETENERGIA, S.L.;0,0;0,0;0,0;0,0;0,0;0,003;"
"A81948077;ENDESA ENERGÍA, S.A.;96136,98;85210,06;75390,929;90925,16;81899,43;73888,26122;"
"A82434697;ENDESA GENERACION SA;0,0;0,0;0,0;0,0;0,0;0,0;"
"B95960365;ENDI ENERGY TRADING SOCIEDAD LIMITADA;0,029561;3,776983;3,535;4,449125;5,3;4,37608;"
"B05544655;ENERFIA, SOCIEDAD LIMITADA;0,0;0,95052;1,403;20,712436;30,48;15,455009;"
"B02658730;ENERGAZE S.L.;0,0;0,0;0,0;0,0;0,12;6,1022;"
"B98437882;ENERGEST DE LA CV, S.L.;0,0;0,0;0,0;0,0;0,0;0,0;"
"NL862512396801;ENERGETECH EUROPE BV;0,0;0,0;0,0;0,0;0,0;0,0;"
"B40563520;ENERGETICA DEL ESTE SOCIEDAD LIMITADA;0,313827;1,996732;3,475;2,73;3,27;14,0;"
"B06801302;ENERGETICA HOTELERA SL;0,0;0,0;0,0;0,0;0,0;0,127985;"
"A51031920;ENERGÍA CEUTA XXI COMERCIALIZADORA DE REFERENCIA, S.A.U.;5,065237;6,164272;6,739;6,275414;7,56;7,442394;"
"B98670003;ENERGIA COLECTIVA SOCIEDAD LIMITADA;97,53;180,9975;264,66;315,2008;293,07;485,10138;"
"B55691018;ENERGIA COSTA DORADA SOCIEDAD LIMITADA;1,367454;1,540285;1,714;3,270633;2,07;2,072937;"
"B01620160;ENERGIA ECOLOGICA ECONOMICA SL;0,0;0,0;0,0;17,018;26,81;28,03128;"
"B98297286;ENERGIA ELECTRICA EFICIENTE SL;0,505984;0,497478;0,49;0,0;0,0;0,0;"
"B90137316;ENERGIA LIBRE COMERCIALIZADORA SL;215,513688;195,413;185,15;211,396;243,39;231,209;"
"B90038886;ENERGÍA NÓRDICA GAS Y ELECTRICIDAD SLU;17,660231;25,298212;32,933;32,187171;32,72;41,63346;"
"B25821356;ENERGIA NUFRI SL;115,384376;237,645882;375,177;343,92;419,49;623,57412;"
"B66115338;ENERGIA OPERATIVA SL;3,478481;3,087523;2,697;3,236627;2,79;2,989703;"
"871321707;ENERGIA RIO ????-???? ????? ENERGIA, S.L.;1,891834;2,043718;2,196;0,552856;0,0;0,0;"
"B06912281;ENERGIA UNICA SOLUCIONES INTEGRALES, S.L.;0,0;0,0;0,0;0,0;0,0;0,0;"
"B66296401;ENERGIA VIVA SPAIN SL;35,677976;51,607;67,543;37,55;57,51;77,756709;"
"B82846825;ENERGÍA XXI Comercializadora de Referencia, S.L.U.;13261,65;12968,31;12673,812;10033,4;10178,8;10248,09497;"
"B47770656;ENERGIA Y COMER.EMPRESARIAL, S.L;0,0;0,0;0,0;0,0;0,0;0,000259;"
"B10663870;ENERGIAREA EUROPE S.L;0,0;0,0;0,0;0,0;0,21;0,944578;"
"B22410708;ENERGIAS DE ESCARRILLA SL;1,384391;1,426054;1,469;1,646546;1,54;1,668526;"
"B22411433;ENERGIAS DE LA VILLA DE CAMPO COMERCIALIZADORA, S.L.;1,305983;1,253014;1,2;0,0;0,0;1,164;"
"B22411284;ENERGIAS DE PANTICOSA COMERCIALIZADORA SL;6,27976;5,620752;4,963;6,343;5,52;5,832118;"
"B06815450;ENERGÍAS RENOVABLES MAPEAL SOCIEDAD LIMITADA;0,0;0,0;0,0;0,0;0,0;0,0;"
"B16803959;ENERGIAS RENOVADORAS SL;0,0;0,0;0,0;0,286235;16,52;43,099486;"
"B22414296;ENERGIAS ZINQUETA COMERCIALIZADORA SLU;0,0;0,0;0,0;0,806968;0,83;0,84983;"
"A72874985;ENERGIES RENOVABLES PUBLIQUES DE CATALUNYA, SAU;0,0;0,0;0,0;0,0;0,01;57,733017;"
"B88424445;ENERGREEN MOBILITY S.L.;0,0;0,057;0,119;175,655;183,05;163,717753;"
"B85634350;ENERGY BY COGEN SL;58,94;54,638333;50,49;24,18;13,05;11,0678;"
"B75402198;ENERGY INDEX, S.L.;0,0;0,0;0,0;0,0;0,0;0,0;"
"B05382965;ENERGY INTERSOL 15 SL;0,0;0,0;0,0;1,832;3,5;1,10883;"
"B13772090;ENERGY PLUS IBERIA, SL;0,0;0,0;0,0;0,0;0,0;13,090925;"
"B66040312;ENERGY STROM XXI SL;63,797007;90,168405;116,929;79,351255;52,98;65,70798;"
"B54744073;ENERGY TRADER SOLUTIONS SL;70,41042;61,16046;52,897;46,192643;36,73;31,143192;"
"B84317593;ENERGYA VM ENERGÍAS ESPECIALES, S.L.U.;0,0;0,0;0,0;0,042;0,0;0,0;"
"B84070036;ENERGYA VM GENERACIÓN, S.L.U.;0,0;0,0;0,0;0,0;0,0;0,0;"
"B83393066;ENERGYA VM GESTIÓN DE ENERGÍA, S.L.U.;3211,0;2472,644;2127,769;1395,479;1644,28;2331,032204;"
"IT02943640215;ENERGYEXPERIENCE ITALIA SRL;0,0;0,0;0,0;0,0;0,0;0,0;"
"B87152286;ENERGYSAVE PROJECTS SL;11,841651;11,692228;11,543;4,134624;7,45;19,791118;"
"B72438104;ENERMIA COMERCIALIZADORA ELECTRICA, S.L.;0,0;0,0;0,0;0,0;0,0;0,013219;"
"A56005903;ENERPLUS ENERGIA SA;98,419963;105,9821;113,959;56,58807;41,31;52,420671;"
"B10932648;ENERTIA GROUP S.L.;0,0;0,0;0,0;0,0;0,0;0,758094;"
"B24726044;ENERVER ENERGIA SOCIEDAD LIMITADA;0,0;0,0;0,0;0,0;0,0;0,0;"
"B27266279;ENERXÍA GALEGA MÁIS, S.L.;117,017078;76,222526;55,618;156,23;258,44;295,745525;"
"CHE273382767;ENET ENERGY S.A.;0,0;0,0;0,0;0,0;0,0;0,0;"
"B05405204;ENEX SOCIAL ENERGY SL;0,0;0,0;0,0;0,0;0,0;0,3992;"
"B56222961;ENGEL COMERCIALIZADORA,S.L.;0,0;0,0;0,0;0,0;0,0;0,63;"
"N0180016H;ENGELHART CTP RENEWABLES GMBH;0,0;0,0;0,0;0,0;0,0;0,0;"
"B82508441;ENGIE ESPAÑA S.L.U;4386,1;5790,886;7228,092;3952,686;3331,07;2795,248835;"
"BE0835490593;ENGIE GLOBAL MARKETS;0,0;0,0;0,0;0,0;0,0;0,0;"
"FR13542107651;ENGIE SA;0,0;0,0;0,0;0,0;0,0;0,0;"
"A82539594;ENI ESPAÑA COMERCIALIZADORA DE GAS SAU;0,0;0,0;0,0;5135,0;1517,0;2949,874;"
"IT11076280962;ENI GLOBAL ENERGY MARKETS S.P.A. (EGEM);0,0;0,0;0,0;0,0;0,0;0,0;"
"B39793294;ENI PLENITUDE IBERIA, SL;3972,1456;3571,611899;3376,577;3548,8239;3514,5;3668,290837;"
"N0051968F;ENI SPA;0,0;2380,91;3047,935;0,0;0,0;0,0;"
"N0029402E;ENI TRADE & BIOFUELS, SPA;0,0;0,0;0,0;0,0;0,0;0,0;"
"B83115584;ENILIVE IBERIA SL;2930,806;4,590095;5,19;0,0;0,0;2141,75;"
"B57903825;ENSTROGA S.L.U.;81,771208;42,622494;29,977;24,551989;32,36;54,025563;"
"B40657413;EPAC SOLUCIONES ENERGETICAS SOCIEDAD LIMITADA;0,0;0,0;0,0;2,88;3,8;4,89;"
"A11508629;EPRESA ENERGÍA S.A.U.;15,64661;16,69429;17,743;14,87;13,05;12,601141;"
"923609016;EQUINOR, ASA;0,0;0,0;0,0;0,0;0,0;0,0;"
"B85551273;ESCANDINAVA DE ELECTRICIDAD, SLU;26,433376;49,995855;73,439;148,224926;243,84;354,421087;"
"A62422720;ESTABANELL IMPULSA, SA;284,775127;315,975545;347,065;307,87;236,75;225,906;"
"A20072070;ESTACIONES DE SERVICIO DE GUIPUZCOA,S.A.;11370,73;6968,269535;6079,067;6591,58;4211,22;2841,77;"
"A12890422;ESTRATEGIAS ELECTRICAS INTEGRALES SA;188,186806;64,441763;144,31;40,80499;60,7;76,64964;"
"B06748446;ETER ENERGIA S.L.;0,0;0,0;0,0;2,009;21,75;54,358743;"
"N0110945C;EUROPEAN ENERGY POOLING;0,0;0,0;0,0;0,0;0,0;0,0;"
"B22411433;EVC COMERCIALIZADORA SLU;0,0;0,0;0,0;1,208576;1,01;1,01;"
"B93034064;EVERGREEN ELECTRICA SL;47,717611;51,897812;56,069;41,773219;27,2;21,08105;"
"B56364235;EVERSHINING ENERGY SOCIEDAD LIMITADA;0,0;0,0;0,0;0,0;0,0;0,0;"
"B88630512;EVOLVE ENERGIA SL;0,0;0,0;0,0;21,2;28,6;41,66;"
"GB239088635;EXXONMOBIL GAS MARKETING EUROPE LIMITED;0,0;0,0;0,0;0,0;0,0;0,0;"
"A04333779;FJ SANCHEZ SUCESORES SAU;0,0;0,0;0,0;0,0;0,0;0,0;"
"A62943600;FACTOR ENERGIA ESPAÑA SA;291,438;461,528;619,458;374,138;330,74;378,449;"
"A61893871;FACTOR ENERGIA SA;1311,895;1671,529;2031,643;2096,936;2133,35;2199,73911;"
"B19766799;FASTLIGHT S.L.U.;0,0;0,0;0,0;0,0;0,0;0,0;"
"A85908036;FENIE ENERGIA SA;3949,091;2476,98;2127,769;2496,418;1975,02;1956,61663;"
"A28165298;FERTIBERIA, S.A.;0,0;0,0;0,0;0,0;0,0;0,0;"
"B86377306;FIBERLUZ COMERCIALIZADORA SL;0,0;0,0;0,0;0,445661;0,4;1,54;"
"B17652694;FLUID ELECTRIC CAMPRODON II, SL;4,594;4,549;4,504;4,621;4,37;4,516;"
"F46034427;FLUIDO ELECTRICO MUSEROS SDAD COOP VACIANA;5,476;5,464;5,454;4,57;4,17;3,889;"
"B98563356;FOENER ENERGÍA S.L.;743,862;989,866;1233,283;362,172;462,29;1052,127706;"
"N0432117J;FORCES ELECTRIQUES DE D'ANDORRA (FEDA);0,0;0,0;0,0;0,0;0,0;0,0;"
"A15126253;FORESTAL DEL ATLANTICO, SA;51,478498;53,304791;53,522;203,407371;180,46;51,533357;"
"B85228138;FORTIA ENERGIA SL;7629,266;5763,996;4722,233;6304,595;6390,17;6417,048407;"
"A54855093;FOX ENERGIA SA;533,235;418,265;303,675;155,474;214,82;193,390635;"
"B13936968;FRANK ENERGIA IBERIA SL;0,0;0,0;0,0;0,0;0,0;0,0105;"
"GB115163840;FREEPOINT COMMODITIES B.V.;0,0;0,0;0,0;0,0;0,0;0,0;"
"A87414934;FUSIONA COMERCIALIZADORA, S.A.;15,931537;22,222958;28,879;3,773;95,67;0,0;"
"B27517119;GABA COMERCIALIZADORA DE ELECTRICIDAD, S.L.;0,0;0,0;0,0;0,254013;3,25;8,802623;"
"B13970926;GALAPAGO ENERGIA S.L.;0,0;0,0;0,0;0,0;0,0;2,885339;"
"A28559573;GALP ENERGIA ESPAÑA S.A.U.;36467,61551;23744,865646;22253,353;32697,132618;25856,36;31517,377459;"
"N0108577H;GALP GAS NATURAL, S.A.;0,0;0,0;0,0;0,0;0,0;4648,765723;"
"B10993285;GAMBITOENERGY, S.L.;0,0;0,0;0,0;0,0;0,0;0,121;"
"B98717457;GAOLANIA SERVICIOS SL;93,28;130,028;166,787;234,02;796,46;1141,87722;"
"B61474540;GARCIA MUNTE ENERGIA, S.L.;0,0;0,495;0,78;211,619;327,02;182,199277;"
"A61797536;GAS NATURAL COMERCIALIZADORA, S.A.;42699,0;30751,0;23978,926;35646,25;36562,53;33650,713;"
"N2502098C;GAS NATURAL EUROPE S.A.S.;0,0;0,0;0,0;0,0;0,0;0,0;"
"B56968696;GAS4LIFE ENERGY, S.L.;0,0;0,0;0,0;0,0;0,0;0,00015;"
"B52004041;GASELEC DIVERSIFICACION SL;134,484472;137,881892;141,607;123,203549;141,11;138,504101;"
"B01668110;GASIB SOCIEDAD IBERICA DE GAS LICUADO, S.L.;0,0;0,0;0,0;2983,772693;2566,61;2570,384565;"
"B70609136;GASILUZ ECO ENERCIA S.L.;0,0;0,282087;0,565;13,3;84,15;167,499807;"
"B34041400;GASINDUR SL;30,969;70,382;95,96;38,15;22,31;25,912345;"
"FI09698193;GASUM OY;0,0;0,0;0,0;0,0;0,0;0,0;"
"B65465882;GC2 PROYECTOS, S.L.;0,045039;0,069023;0,094;0,26;0,0;0,0;"
"B87382644;GEO ALTERNATIVA SL;146,837587;168,396634;189,849;300,696112;250,91;303,03562;"
"B56193790;GEO LUZ Y GAS SLU;0,0;0,0;0,0;0,0;0,0;0,0;"
"B85021426;GEOATLANTER SL;12,152859;42,089303;72,522;64,155532;95,19;99,79848;"
"B24509481;GERENCIA ENERGÉTICA;0,0;0,28012;0,565;2,53579;1,56;3,56961;"
"B93543908;GERENTA ENERGÍA, S.L.U.;2,220012;4,896345;7,556;5,074;7,15;5,459;"
"A84337849;GESTERNOVA SA;678,522588;796,303279;939,403;525,850636;523,8;694,427226;"
"B82410549;GESTINER INGENIEROS SL;13,9424;13,866098;13,776;7,234406;6,22;9,291853;"
"B83812255;GESTIONA SOLUCIONES ENERGETICAS;0,0;0,0;0,0;0,0;0,0;0,0;"
"N0067119H;GLENCORE ENERGY UK Ltd;0,0;0,0;0,0;0,0;0,0;0,0;"
"B75035592;GLOBAL BIOSFERA PROTEC S.L;101,825418;83,805121;65,992;68,56;49,67;121,887418;"
"B19318401;GLOBELIGHT ENERGY SL;62,479738;126,519416;192,236;54,598175;7,33;50,644005;"
"B84196997;GNERA ENERGIA Y TECNOLOGIA SOCIEDAD LIMITADA;5,104577;6,055378;7,006;7,210345;6,77;8,587;"
"B36026375;GODAY ENERGIA, S.L.;9,357;9,082;8,935;7,013;1,79;6,90339;"
"B88140132;GOG IBERIA SL;0,0;0,0;0,0;5,965;85,57;1,384837;"
"F75074872;GOIENER, S. COOP.;58,474615;68,220599;78,02;90,6981;0,0;86,71856;"
"N0109826H;GOLD ENERGY COMERCIALIZADORA DE ENERGIA SA;0,0;0,0;0,0;0,0;0,0;0,0;"
"GB9367000852;GOLDMAN SACHS INTERNATIONAL;0,0;0,0;0,0;0,0;0,0;0,0;"
"FR17342131547;GOLDMAN SACHS PARIS INC. ET CIE;0,0;0,0;0,0;0,0;261,02;0,0;"
"B19802305;GREEN ENERGY 360, S.L.;0,0;0,0;0,0;0,0;0,0;0,0;"
"A06445910;GREEN FUEL EXTREMADURA SA;0,0;0,0;0,0;0,0;0,0;0,0;"
"B02869493;GREENERGY FUELS SPAIN SL;0,0;0,0;0,0;0,0;0,0;0,0;"
"B02943991;GREENING SMART ENERGY SL;0,0;0,0;0,0;0,0;0,0;108,5803;"
"B56809759;GREENSUNRISE ENERGY SL;0,0;0,0;0,0;0,0;0,0;0,0;"
"B88211966;GRIÑO GAS SL;0,0;0,0;0,0;0,0;0,0;0,0;"
"B54830799;GRUPO ENERGETICO BARCELO SL;0,066696;0,0;0,0;252,668943;18,38;0,0;"
"B84811694;GRUPO LAYNA GESTION DE RESIDUOS S.L.;0,0;0,0;0,0;0,0;0,0;0,0;"
"CZ02894254;GULANS ENERGY, S.R.O.;0,0;0,0;0,0;0,0;9,73;0,0;"
"B01415694;GUNVOR BIODIESEL BERANTEVILLA, S.L..;0,0;0,0;0,0;19,249;0,0;12,336;"
"B88223813;GUNVOR ESPAÑA, S.L.;0,0;0,0;0,0;0,0;5,7;0,0;"
"N0036358J;GUNVOR INTERNATIONAL, B.V;1,616822;0,0;0,0;0,0;389,48;0,0;"
"B88389762;GUNVOR MARKETING ESPAÑA, S.L.;0,0;0,0;0,0;695,072;9,17;2420,9;"
"B02782563;GURBTEC ENERGIA, S.L.;0,0;0,0;0,0;5,64;767,98;17,064;"
"B18213173;HAFESA ENERGIA SL;1354,149;0,0;0,0;6725,633;6275,29;2327,09;"
"B10975266;HAFESA MOBILITY ELC SL;0,0;0,0;0,0;0,0;0,0;0,0;"
"B67704940;HAM POWER S.L.;0,0;0,0;0,0;0,0;214,46;2,0033;"
"B88480330;HANWHA EN4RGY RETAIL SPAIN SL;0,0;0,0;0,0;249,18543;0,0;200,859;"
"N0267094A;HARTREE PARTNERS UK (LTD);0,0;0,0;0,0;0,0;2651,66;0,0;"
"B19667401;HATTA ENERGY, S.L.;0,0;0,0;0,0;250,264;1,64;6632,232;"
"F98894306;HELIA COOP V;2,890447;0,0;0,0;3,175825;99,79;1,907265;"
"B42555284;HELIOLEC ENERGIA ELECTRICA, S.L.;75,36206;0,0;0,0;134,126;12,72;180,50483;"
"B05299193;HELIOS ENERGÍA INTELIGENTE, S.L.;0,0;0,0;0,0;15,026731;0,39;16,205;"
"B76741016;HELIOSFERA SL;0,0;0,0;0,0;0,398;0,0;0,33;"
"B70794482;HEMERA ENERGIA, S.L.;0,0;0,0;0,0;0,0;0,0;0,0;"
"B19317304;HENARENERGIA S.L.;2,19087;0,0;0,0;0,0;0,08;0,0;"
"B56593155;HERA ENERGIA S.L.;0,0;0,0;0,0;0,0;0,0;0,0;"
"B16898041;HEYCO ENERGY IBERIA S.L.;0,0;0,0;0,0;0,0;0,06;0,0;"
"B42807578;HEYGAZ SPAIN, S.L.;0,0;0,0;0,0;0,0;10,17;0,0;"
"B12979605;HIDROBESORA SERVICIOS SL;0,0;0,0;0,0;0,586;45,5;0,076608;"
"B29861804;HIDROCARBUROS ALHAURIN SL;0,0;0,0;0,0;0,0;11,72;2,055426;"
"B87579769;HIDROELECTRICA DE SILLEDA COMERCIALIZADORASL;0,0;0,0;0,0;12,985461;15,38;13,520589;"
"B25365180;HIDROELECTRICA DEL VALIRA SL;0,0;0,0;0,0;92,02;0,0;46,579;"
"B82773888;HIDROELECTRICA EL CARMEN ENERGIA SL;0,0;0,0;0,0;15,843163;0,0;12,045637;"
"B15552060;HIDROELECTRICA LUMYMEY SL;0,0;0,0;0,0;19,1;628,09;16,89;"
"B16911893;HILLTECH DIGITAL SL;0,0;0,0;0,0;0,0;0,00122;0,0;"
"A65445033;HOLALUZ CLIDOM SA;0,0;0,0;0,0;1301,803;77,05;638,746;"
"B67201079;HOLALUZ GENERACIÓN S.L.;0,0;0,0;0,0;0,00162;0,0;0,0017;"
"B87034617;HORECA ENERGIA SL;0,0;0,0;0,0;0,0;15,59;82,71121;"
"B87829255;HORIZON GAS COMERCIALIZADORA, S.L;0,0;0,0;0,0;0,0;0,0;0,0;"
"B87619375;HOY ENERGIA SOCIEDAD LIMITADA;0,0;0,0;0,0;0,0;0,06;16,97088;"
"B67631036;HSAT21 ENERGIA SL;0,0;0,0;0,0;0,0;0,0;0,0;"
"B56210479;HYDROEXERGY SOCIEDAD LIMITADA;0,0;0,0;0,0;0,0;1,7;0,06;"
"B67842419;HYNOLOGY GEA, S.L;0,0;0,0;0,0;0,0;13,56;0,399473;"
"B56674872;IBAR ENERGIA, SL;0,0;0,0;0,0;0,0;54326,93;0,0;"
"B90393497;IBERDESA COMERCIALIZADORA SOCIEDAD LIMITADA;0,0;0,0;0,0;0,0;0,0;1,81105;"
"A95758389;IBERDROLA CLIENTES SOCIEDAD ANO????;0,0;0,0;0,0;0,0;1397,87;51386,71303;"
"A95758371;IBERDROLA ENERGIA ESPAÑA SA;0,0;0,0;0,0;0,0;55,19;0,0;"
"A95075586;IBERDROLA GENERACION SOCIEDAD A??????;0,0;0,0;0,0;0,0;0,0;0,0;"
"A85957520;IBERDROLA SERVICIOS ENERGÉTICOS, S.A.U.;0,0;0,0;0,0;0,0;0,0;1333,12;"
"B90037243;IBERELECTRICA COMERCIALIZADORA SOCIEDAD LIMITADA;0,0;0,0;0,0;0,0;0,88;68,329692;"
"B19507128;IBERIA BIOENERGY, S.L.U.;0,0;0,0;0,0;0,0;25,27;0,0;"
"B14608061;IBERIAN FUEL TRADERS SL;0,0;0,0;0,0;0,0;933,86;0,0;"
"B37565462;IBERICA IMPULSA SL;0,0;0,0;0,0;0,0;1,69;1,149545;"
"B09633959;IDES ENERGIA SL;0,0;0,0;0,0;0,0;0,0;0,59;"
"B87290805;IGNIS ENERGIA SL;0,0;0,0;0,0;0,0;0,0;0,0;"
"B75106500;IM3 ENERGIA SL;0,0;0,0;0,0;0,0;0,02;27,560329;"
"B31587074;IMPALA 2.000 SL;0,0;0,0;0,0;0,0;0,0;1011,716181;"
"A09647223;IMPERIUM LUMEN SA;0,0;0,0;0,0;0,0;0,0;1,80662;"
"N0239630G;IN COMMODITIES A/S;0,0;0,0;0,0;0,0;45,51;0,0;"
"B55442214;INARGY SPOT, S.L.U.;0,0;0,0;0,0;0,0;182,73;0,0;"
"B75663476;INDALO ENERGÍA, S.L.;0,0;0,0;0,0;0,0;0,0;0,0;"
"B01537794;INDAREL KUDEAKETA, SOCIEDAD LIMITADA;0,0;0,0;0,0;0,0;720,53;0,022057;"
"B66252305;INDEXA ENERGIA INTELIGENTE SL;0,0;0,0;0,0;0,0;23,26;0,0;"
"B65993669;INDEXO ENERGIA SL;0,0;0,0;0,0;0,0;0,0;95,335376;"
"B02494375;INER ENERGIA CASTILLA LA MANCHA SOCIEDAD LIMITADA;0,0;0,0;0,0;0,0;0,0;192,565681;"
"B01801778;INER EUSKADI, S.L.;0,0;0,0;0,0;0,0;0,0;47,150206;"
"B75883934;INER MADRID, S.L.;0,0;0,0;0,0;0,0;0,0;0,0;"
"B90031063;INGEBAU, SOLUCIONES DE MEDIDA SL;0,0;0,0;0,0;0,0;0,0;53,131725;"
"A73137788;INGENIERIA Y COMERCIALIZACION DEL GAS SA;0,0;0,0;0,0;0,0;2,79;755,791667;"
"B70412473;INICIATIVA E.NOVA SLU;0,0;0,0;0,0;0,0;0,0;23,4132;"
"B26397323;INICIATIVAS BIOENERGETICAS SL;0,0;0,0;0,0;0,0;0,0;0,0;"
"B05555511;INICIATIVAS ENERGÉTICAS 03, S.L.;0,0;0,0;0,0;0,0;0,0;0,0;"
"A74340464;INTEGRACION EUROPEA DE ENERGIA SA;0,0;0,0;0,0;0,0;38,36;298,701452;"
"B13520069;INTELIGENCIA PARA EL AHORRO ENERGETICO, SOCIEDAD LIMITADA;0,0;0,0;0,0;0,0;0,0;17,9;"
"B42961698;INTERENERGIA ENERGY TRADING COMPANY, S.L..;0,0;0,0;0,0;0,0;0,0;0,237409;"
"A13035266;INTERNACIONAL DE ALCOHOLES, S.A.;0,0;0,0;0,0;0,0;0,0;1496,946;"
"A73987646;IRIS ENERGIA EFICIENTE S.A.;0,0;0,0;0,0;0,0;23,26;163,527474;"
"B56803794;ISAE COMERCIALIZACION SL;0,0;0,0;0,0;0,0;0,03;0,0;"
"B27795111;ITAL REFINING, S.L.;0,0;0,0;0,0;0,0;0,0;0,0;"
"EU273210199;IWC OIL AND REFINERY, LLC;0,0;0,0;0,0;0,0;0,0;0,0;"
"N4004468G;J. ARON & COMPANY LLC;0,0;0,0;0,0;0,0;0,0;0,0;"
"GB265299173;JERA TRADING PTE LTD;0,0;0,0;0,0;0,0;0,0;0,0;"
"B56720980;JOVE ENERGIA RENOVABLE, S.L;0,0;0,0;0,0;0,0;0,0;0,0;"
"B88591466;JUAN ENERGY SL;0,0;0,0;0,0;0,0;0,0;23,692935;"
"B10654440;JUST ENERGY PRO LUZ, S.L.;0,0;0,0;0,0;0,0;0,0;0,031714;"
"B66658188;KALCUS ADVANCE SL;0,0;0,0;0,0;0,0;0,0;0,0;"
"B04987913;KARMA ALIMUR SL;0,0;0,0;0,0;0,0;5,01;1,72452;"
"B99485559;KILOWATIOS VERDES SOCIEDAD LIMITADA;0,0;0,0;0,0;0,0;0,0;5,889104;"
"B09941592;KINESTALIA ENERGIA SL;0,0;0,0;0,0;0,0;0,0;0,0;"
"B16498875;KIRIN RENOVABLES,S.L.;0,0;0,0;0,0;0,0;30,06;0,0;"
"B87074118;KISHOA, S.L.;0,0;0,0;0,0;0,0;0,0;4,68;"
"CHE112980714;KOCH SUPPLY & TRADING SARL;0,0;0,0;0,0;0,0;51,57;0,0;"
"B88640073;KODL CAPITAL SOCIEDAD LIMITADA;0,0;0,0;0,0;0,0;0,0;5,21811;"
"N3030409A;KOLMAR NL, B.V.;0,0;0,0;0,0;0,0;0,0;0,0;"
"B73704405;KONERY ENERGY SLU;0,0;0,0;0,0;0,0;0,0;0,004723;"
"A79708277;KUWAIT PETROLEUM ESPAÑA SA;0,0;0,0;0,0;0,0;0,0;4091,0;"
"F87460515;LA CORRIENTE SDAD COOP;0,0;0,0;0,0;0,0;0,0;3,2148;"
"B30001770;LA UNIION ELECTRO-INDUSTRIAL SL;0,0;0,0;0,0;0,0;0,0;51,137163;"
"B09868704;LA VALL COMERCIALIZAODRA ELECTRICA SL;0,0;0,0;0,0;0,0;0,0;8,588696;"
"B22373948;LABOIL ENERGIA SOCIEDAD LIMITADA;0,0;0,0;0,0;0,0;0,0;32,82054;"
"B10637155;LABOR SOLIS COMERCIALIZADORA DE ENERGIA SL;0,0;0,0;0,0;0,0;0,0;4,336729;"
"B56854516;LADYWARSAW INVESTMENT, S.L.;0,0;0,0;0,0;0,0;0,0;0,0;"
"HU26240134;LANDWÄRME CE TRADING KORLÁTOLT FELELOSSÉGU TÁRSASÁG;0,0;0,0;0,0;0,0;0,0;0,0;"
"B19722537;LEON COMERCIALIZADORA DE ENERGIA SL;0,0;0,0;0,0;0,0;0,0;0,0;"
"B88628573;LIBERA ENERGIAS RENOVABLES, SOCIEDAD LIMITADA;0,0;0,0;0,0;0,0;0,0;5,47;"
"B44886182;LIMPIEZAS ENERGETICAS 2014, SL;0,0;0,0;0,0;0,0;0,0;0,211813;"
"B84302454;LINARES BIODIESEL TECHNOLOGY, S.L.U.;0,0;0,0;0,0;0,0;0,0;0,0;"
"B25526732;LIQUID NATURAL GAZSL;0,0;0,0;0,0;0,0;2331,63;1923,635;"
"N0036991H;LITASCO BENELUX B.V.;0,0;0,0;0,0;0,0;0,0;0,0;"
"A28039469;LONJAS TECNOLOGIA SA;0,0;0,0;0,0;0,0;377,22;380,97959;"
"B87095543;LOOP ELECTRICIDAD Y GAS S.L;0,0;0,0;0,0;0,0;720,73;776,223835;"
"B67604157;LOVE ENERGY, S.L.;0,0;0,0;0,0;0,0;0,0;63,088722;"
"N0029193J;LU & NO AG.;0,0;0,0;0,0;0,0;0,0;0,0;"
"B86126562;LUCIERNAGA ENERGIA SL;0,0;0,0;0,0;0,0;1,17;1,340829;"
"B56231335;LUCIFERASA-1 ENERGÍA S.L;0,0;0,0;0,0;0,0;0,0;0,0;"
"B70899075;LUCKY LUZ ENERGIA, S.L.;0,0;0,0;0,0;0,0;0,0;0,0;"
"N0090188D;LUMENAZA GMBH;0,0;0,0;0,0;0,0;0,0;0,0;"
"B87517017;LUX FORUM SL;0,0;0,0;0,0;0,0;1,76;1,84936;"
"B70949953;LUXIA ENERGIA Y CONSULTORES, S.L.;0,0;0,0;0,0;0,0;0,0;0,0;"
"B47796537;LUZ DEL PUEBLO SOCIEDAD LIMITADA;0,0;0,0;0,0;0,0;0,0;0,0;"
"B67983726;LUZ SOLIDARIA INCLUSIVA, S.L.;0,0;0,0;0,0;0,0;0,0;0,149437;"
"B67421875;LUZ SOLIDARIA, S.L.;0,0;0,0;0,0;0,0;5,89;7,284799;"
"B90332776;LUZIA ENERGIA SOCIEDAD LIMITADA;0,0;0,0;0,0;0,0;42,75;50,623627;"
"B09876715;LUZY ENERGIA RENOVABLE, S.L.;0,0;0,0;0,0;0,0;25,29;35,595;"
"B56749021;LUZYGAS IBERIA, S.L.;0,0;0,0;0,0;0,0;0,0;0,0;"
"N8263148B;MACQUARIE BANK LIMITED, LONDON BRANCH;0,0;0,0;0,0;0,0;0,0;0,0;"
"N0074004C;MACQUARIE PRODUCTS (IRELAND) LIMITED;0,0;0,0;0,0;0,0;0,0;0,0;"
"B10862498;MADGAS ENERGIA SL;0,0;0,0;0,0;0,0;0,0;0,0;"
"B72316045;MAERSK OIL TRADING SPAIN, S.L.U.;0,0;0,0;0,0;0,0;0,0;0,0;"
"B75923318;MAGNUM ENERGY, S.L.;0,0;0,0;0,0;0,0;0,0;0,0;"
"B72678014;MALAKA ENERGIA 2022 SL;0,0;0,0;0,0;0,0;0,0;0,0;"
"A79209854;MARKOIL;0,0;0,0;0,0;0,0;4,77;4,809123;"
"B75383729;MAS ALLA PRODUCTOS ENERGETICOS, S.L.;0,0;0,0;0,0;0,0;0,0;0,0;"
"B75616243;MASNORTE GLOBAL POWER, S.L.;0,0;0,0;0,0;0,0;0,0;0,0;"
"B86876554;MASOL CARTAGENA BIOFUEL;0,0;0,0;0,0;0,0;0,0;0,0;"
"B86762903;MASOL IBERIA BIOFUEL;0,0;0,0;0,0;0,0;0,0;0,0;"
"B67580100;MASQLUZ 2020, S.L.;0,0;0,0;0,0;0,0;30,06;35,085962;"
"B87801700;MATTERHORN LNG TERMINAL, SLU.;0,0;0,0;0,0;0,0;0,0;0,0;"
"B44953636;???? ??ERGIA Y CONSULTORES, S.L.;0,0;0,0;0,0;0,0;0,0;0,0;"
"N2760340F;MB ENERGY GMBH;0,0;0,0;0,0;0,0;0,0;0,0;"
"F42212696;MEGARA ENERGIA SOC COOP;0,0;0,0;0,0;0,0;9,02;8,86954;"
"B85036606;MERCURIA ENERGIA SLU;0,0;0,0;0,0;0,0;0,0;0,0;"
"CHE116348521;MERCURIA ENERGY TRADING SA;0,0;0,0;0,0;0,0;0,0;0,0;"
"A60404910;MEROIL, SA;0,0;0,0;0,0;0,0;3580,21;3785,48;"
"A87612644;MET ENERGÍA ESPAÑA;0,0;0,0;0,0;0,0;2531,01;3144,022182;"
"N0394275B;MET INTERNATIONAL AG;0,0;0,0;0,0;0,0;0,0;0,0;"
"B64741127;METHANE LOGISTICS SL;0,0;0,0;0,0;0,0;619,92;655,051327;"
"EL094316669;METLEN ENERGY & METALS, S.A.;0,0;0,0;0,0;0,0;0,0;0,0;"
"N0083000J;MFT ENERGY A/S;0,0;0,0;0,0;0,0;0,0;0,0;"
"N0082602D;MIND ENERGY A/S (antes Energy Danmark AS);0,0;0,0;0,0;0,0;0,0;0,0;"
"N7321392H;MITSUI & CO LTD;0,0;0,0;0,0;0,0;0,0;0,0;"
"GB208153237;MITSUI BUSSAN COMMODITIES LTD.;0,0;0,0;0,0;0,0;0,0;0,0;"
"NL863162642801;MITSUI BUSSAN GAS & POWER SOLUTIONS B.V.;0,0;0,0;0,0;0,0;0,0;0,0;"
"A80298896;MOEVE COMMERCIAL, S.A.U. (antes Cepsa comercial petróleo);0,0;0,0;0,0;0,0;125,58;128,687754;"
"A28142552;MOEVE GAS AND POWER, S.A.U. (antes Cepsa gas y electricidad);0,0;0,0;0,0;0,0;2299,99;2612,70773;"
"A28003119;MOEVE, S.A. (antes Compañía Española de Petróleo);0,0;0,0;0,0;0,0;75037,92;79880,053;"
"B16351314;MOLALUZ ENERGIA SL;0,0;0,0;0,0;0,0;0,02;0,02805;"
"A81466625;MOLGAS ENERGIA SA;0,0;0,0;0,0;0,0;1301,7;1290,974424;"
"B88068770;MONTARTO TECHNOLOGY SL;0,0;0,0;0,0;0,0;0,0;0,0;"
"B56989304;MORTERO SOLAR SPAIN, S.L.;0,0;0,0;0,0;0,0;0,0;0,0;"
"N0020286A;MOVHERA-HIDROELÉTRICAS DO NORTE, S.A.;0,0;0,0;0,0;0,0;0,0;0,0;"
"B44959914;MOVIER ENERGIA SOSTENIBLE SL;0,0;0,0;0,0;0,0;0,0;0,956927;"
"B99406944;MULTIENERGIA VERDE SOCIEDAD LIMITADA;0,0;0,0;0,0;0,0;13,3;12,6;"
"B19707355;MULTIENERGÍAS MLC SL;0,0;0,0;0,0;0,0;0,0;25,623161;"
"A81655540;MULTISERVICIOS TECNOLOGICOS SA;0,0;0,0;0,0;0,0;0,0;63,495412;"
"B12820155;MUNICIPAL DE SERVICIOS VILLAHERMOSANA SL;0,0;0,0;0,0;0,0;2,16;2,234053;"
"B73817033;MY ENERGIA ONER SL;0,0;0,0;0,0;0,0;80,0;87,892314;"
"A72403884;MYLIGHT ENERGY SP SA;0,0;0,0;0,0;0,0;0,02;0,127353;"
"A66585191;NABALIA ENERGIA 2000, S.A.;0,0;0,0;0,0;0,0;258,44;397,488095;"
"N0240120F;NARAT, B.V.;0,0;0,0;0,0;0,0;0,0;0,0;"
"B01842715;NATURA ENERGIA RENOVABLE EYG S.L.;0,0;0,0;0,0;0,0;0,0;0,00575;"
"A67760876;NATURGY CLIENTES, S.A.;0,0;0,0;0,0;0,0;1592,92;1625,267;"
"A44760742;NATURGY COMERCIALIZADORA EMPRESAS, S.A.;0,0;0,0;0,0;0,0;0,0;0,0;"
"A08000606;NATURGY COMMODITIES TRADING SA;0,0;0,0;0,0;0,0;0,0;0,0;"
"A08431090;NATURGY IBERIA, S.A;0,0;0,0;0,0;0,0;14902,32;14853,757;"
"B88263249;NATURGY NUEVAS ENERGIAS S.L.U;0,0;0,0;0,0;0,0;0,0;0,0;"
"B84160423;NATURGY RENOVABLES, S.LU.;0,0;0,0;0,0;0,0;0,0;0,0;"
"B55522023;NEMON INTELLINGENCE IN BUSINESS SL;0,0;0,0;0,0;0,0;0,0;0,022642;"
"B25512641;NEOELECTRA ENERGIA SLU;0,0;0,0;0,0;0,0;0,0;289,945043;"
"B67580092;NEON ENERGIA EFICIENTE S.L.;0,723;0,1174;0,723;5,325;0,0;46,149327;"
"B06835987;NETON ENERGY SERVICES S.L.;0,0;0,0;0,0;0,0;0,0;0,004664;"
"B04997896;NEXT ENERGIA XXI SL;0,0;0,0;0,0;0,0;0,0;19,935077;"
"B19865534;NEXT ENERGY PLUS, S.L.;0,0;0,0;0,0;0,0;0,0;0,0;"
"A62332580;NEXUS ENERGIA SA;0,0;0,0;0,0;0,0;0,0;2149,720299;"
"IE4093444BH;NFE GAS TRADING LIMITED;0,0;0,0;0,0;0,0;0,0;0,0;"
"B65940322;NIEVES ENERGIA SL;0,0;0,0;0,0;0,0;0,0;138,003125;"
"B64319627;NIMO INICIATIVAS, S.L.;0,0;0,0;0,0;0,0;0,0;0,0;"
"N0020589H;NITOR ENERGY A/S;0,0;0,0;0,0;0,0;0,0;0,0;"
"B47732334;NOBE SOLUCIONES Y ENERGIA SLU;0,0;0,0;0,0;0,0;0,0;52,875;"
"B75927681;NOCTILUCA ENERGIA, S.L.;0,0;0,0;0,0;0,0;0,0;0,0;"
"B70455019;NORDWESTEN ENERGIE, S.L.;0,0;0,0;0,0;0,0;0,0;0,0;"
"DK41419849;NORLYS ENERGY TRADING A/S;0,0;0,0;0,0;0,0;0,0;0,0;"
"B25829904;NORTELECTRICA ENERGIA SL;0,0;0,0;0,0;0,0;0,0;0,94092;"
"F94090792;NOSA ENERXIA SOC COOPERATIVA GALEGA;0,0;0,0;0,0;0,0;0,0;4,145363;"
"B93661726;NOVALUZ ENERGÍA, S.L.;0,0;0,0;0,0;0,0;0,0;0,029732;"
"N0395191J;NOVATEK GAS & POWER GMBH;0,0;0,0;0,0;0,0;0,0;0,0;"
"B42772764;NRG COMERCIALIZACION ENERGIA, S.L.;0,0;0,0;0,0;0,0;0,0;0,0;"
"B99301822;NUEVA COMERCIALIZADORA ESPAÑOLA SOCIEDAD LIMITADA;0,0;0,0;0,0;0,0;0,0;17,14381;"
"B40563082;OCTOPUS ENERGY ESPAÑA S.L.U.;0,0;0,0;0,0;0,0;0,0;516,39743;"
"B67476598;OCUO ENERGIA, S.L.U.;0,0;0,0;0,0;0,0;0,0;2,544597;"
"MA40486450;OFFICE NATIONAL DE L'ELECTRICITÉ ET L'EAU POTABLE (ONEE);0,0;0,0;0,0;0,0;0,0;15,037856;"
"B01515311;OLEOFAT TRADER SL;0,0;0,0;0,0;0,0;0,0;0,0;"
"B72352503;OLIVIA COMERCIALIZADORA SL;0,0;0,0;0,0;0,0;0,0;5,2777;"
"B91405084;ON DEMAND FACILITIES SL;0,0;0,0;0,0;0,0;0,0;317,612753;"
"B10679488;OXPERTA GREEN ENERGY, SOCIEDAD LIMITADA;0,0;0,0;0,0;0,0;0,0;0,698797;"
"B04990727;PARATIENERGÍA S.L.;0,0;0,0;0,0;0,0;0,0;1,130221;"
"B01969112;PASION ENERGIA SA;0,0;0,0;0,0;0,0;0,0;51,062652;"
"A88410493;PAVILION ENERGY SPAIN SA;0,0;0,0;0,0;0,0;0,0;0,0;"
"B11905163;PENÍNSULA PETROLEUM S.L.;0,0;0,0;0,0;0,0;0,0;612,725725;"
"B14381990;PENTAGAS HIDROCARBUROS SL;0,0;0,0;0,0;0,0;0,0;196,534588;"
"B31595523;PETRO NAVARRA, S.L.;0,0;0,0;0,0;0,0;0,0;45,946567;"
"GB927136031;PETROCHINA INTERNATIONAL (LONDON) Co, LIMITED;0,0;0,0;0,0;0,0;0,0;0,0;"
"N1091115D;PETROINEOS TRADING LIMITED;0,0;0,0;0,0;0,0;0,0;0,0;"
"A76513472;PETROLEOS ARCHIPIELAGO, S.A.;0,0;0,0;0,0;0,0;0,0;468,612968;"
"A48053243;PETRÓLEOS DEL NORTE, S.A.;0,0;0,0;0,0;0,0;0,0;3,6;"
"B72794852;PETROLERA MLC SOCIEDAD LIMITADA;0,0;0,0;0,0;0,0;0,0;0,0;"
"A38333316;PETROLIFERA CANARIA SA;0,0;0,0;0,0;0,0;0,0;518,736;"
"B83067991;PETROLIFERA DUCAR SL;0,0;0,0;0,0;0,0;0,0;0,0;"
"B76012277;PETROLOGIS CANARIAS SL;0,0;0,0;0,0;0,0;0,0;0,0;"
"B09780396;PETROPRIX COMBUSTIBLES, S.L.;0,0;0,0;0,0;0,0;0,0;1119,962;"
"B72520927;PISUERGA INFRAESTRCUTURAS ENERGÉTICAS;0,0;0,0;0,0;0,0;0,0;0,0;"
"B98729486;PLENA ENERGIA RENOVABLE, S.L.;0,000111;0,0;0,0;0,0;0,0;52,977655;"
"B19878578;POLAR COMERCIALIZADORA ELÉCTRICA, S.L.;0,0;0,0;0,0;0,0;0,0;0,0;"
"B25820077;PONTS COMERCIALITZADORA MUNICIPAL D'ENERGIA ELECTRICA, S.L.U;0,0;0,0;0,0;0,0;0,0;1,269;"
"B87574463;POTENZIA COMERCIALIZADORA SL;0,0;0,0;0,0;0,0;0,0;422,412074;"
"B56389943;POWEN IBERIA, S.L. UNIPERSONAL;0,0;0,0;0,0;0,0;0,0;0,0;"
"B56658727;POWER PULSE IBERIA, S.L..;0,0;0,0;0,0;0,0;0,0;0,0;"
"B16735326;POWER SOLAR TRADE SL;0,0;0,0;0,0;0,0;0,0;0,0;"
"B76299627;POWER WATT ENERGY ISLAND, SL;0,0;0,0;0,0;0,0;0,0;57,2507;"
"1847567;POWERBRIDGE RESOURCES GROUP LTD;0,0;0,0;0,0;0,0;0,0;0,0;"
"N0082468J;POWERMART APS;0,0;0,0;0,0;0,0;0,0;0,0;"
"N9082519A;PRIMA LNG N.V.;0,0;0,0;0,0;0,0;0,0;0,0;"
"A61128013;PRIMAGAS ENERGIA SA;0,0;0,0;0,0;0,0;0,0;647,34996;"
"B88171293;PRIO MOVILIDAD SL UNIPERSONAL;0,0;0,0;0,0;0,0;0,0;226,180178;"
"B88394242;PROSPECTIVA INVERSIONES, S.L;0,0;0,0;0,0;0,0;0,0;0,0;"
"B66477993;PROT ENERGIA COMERCIALIZACION SL;0,0;0,0;0,0;0,0;0,0;23,715421;"
"B09615741;QUANTICA COMERCIALIZADORA DE ENERGIA SOCIEDAD LIMITADA;0,0;0,0;0,0;0,0;0,0;0,0;"
"B09922733;QUANTIUM LUX 6.4 SL;0,0;0,0;0,0;0,0;0,0;17,70031;"
"B99514374;QUASAR ENERGIA SL;0,0;0,0;0,0;0,0;0,0;11,071952;"
"B05342167;QUASAR GAS SL;0,0;0,0;0,0;0,0;0,0;11,384135;"
"B67572677;QUIERO LUZ, SL;0,0;0,0;0,0;0,0;0,0;0,0;"
"B42585141;RA&AN ELECTRICA SL;0,0;0,0;0,0;0,0;0,0;0,621702;"
"A19439876;RDG COMERCIALIZADORA GALEGA DE ENERXÍA, S.A.;0,0;0,0;0,0;0,0;0,0;0,0;"
"B05470661;REA ENERGÍA S.L.;0,0;0,0;0,0;0,0;0,0;0,0;"
"B67605584;RECICLAJES ECOLOGICOS CHANDUY;0,0;0,0;0,0;0,0;0,0;2,51279;"
"B01635069;RECICLAJES ECOLOGICOS NAGINI S.L.;0,0;0,0;0,0;0,0;0,0;170,740569;"
"B39702436;RÉGSITI COMERCIALIZADORA REGULADA, S.L.U.;0,0;0,0;0,0;0,0;0,0;253,3;"
"B87327128;RELUZCA ENERGÍA S.L..;0,0;0,0;0,0;0,0;0,0;16,454937;"
"B01945096;REMO RENOVABLES, S.L..;0,0;0,0;0,0;0,0;0,0;0,0;"
"B12960423;RENOVAE CONSULTING SL;0,0;0,0;0,0;0,0;0,0;79,301;"
"B56430010;RENU ENERGY S.L.;0,0;0,0;0,0;0,0;0,0;0,0;"
"CHE116273260;REPOWER AG;0,0;0,0;0,0;0,0;0,0;0,0;"
"B73861908;REPRESENTANTES DE CONSUMIDORES EN EL MERCADO ELECTRICO, SOCIEDAD LIMITADA;0,0;0,0;0,0;0,0;0,0;0,502739;"
"A28076420;REPSOL BUTANO SA;0,0;0,0;0,0;0,0;0,0;11205,358715;"
"B39540760;REPSOL COMERCIALIZADORA DE ELECTRICIDAD Y GAS, S.L.U;0,0;0,0;0,0;0,0;0,0;6398,907;"
"A62733126;REPSOL GENERACION ELECTRICA SA;0,0;0,0;0,0;0,0;0,0;0,0;"
"A79787420;REPSOL LNG HOLDING, S.A.;0,0;0,0;0,0;0,0;0,0;13896,903989;"
"A28047223;REPSOL PETRÓLEO, S.A.;0,0;0,0;0,0;0,0;0,0;166,9;"
"A80298839;REPSOL SOLUCIONES ENERGÉTICAS, S.A.;0,0;0,0;0,0;0,0;0,0;134888,9394;"
"B64445224;RESPIRA ENERGIA ESPAÑA SL;0,0;0,0;0,0;0,0;0,0;75,59;"
"A65376766;RESPIRA ENERGIA MEDITERRANIA, SA;0,0;0,0;0,0;0,0;0,0;160,475;"
"A43673839;REUS SERVEIS MUNICIPALS SA;0,0;0,0;0,0;0,0;0,0;14,263561;"
"B98762107;REYSE ENERGIA SL;0,0;0,0;0,0;0,0;0,0;1,455;"
"A61621843;ROFEICA ENERGIA, SA;0,0;0,0;0,0;0,0;0,0;300,794165;"
"B37500238;RONDA OESTE ENERGIA SL;0,0;0,0;0,0;0,0;0,0;5,77813;"
"DE813022070;RWE SUPPLY & TRADING GMBH;0,0;0,0;0,0;0,0;0,0;0,0;"
"B75475038;SAHKOA SMART ENERGY, S.L.;0,0;0,0;0,0;0,0;0,0;0,0;"
"B67824896;SALLICRA, S.L.;0,0;0,0;0,0;0,0;0,0;0,0;"
"B19895945;SAMARA ENERGIA VPP SL;0,0;0,0;0,0;0,0;0,0;0,0;"
"A07088206;SAMPOL INGENIERIA Y OBRAS SA;0,0;0,0;0,0;0,0;0,0;8,61986;"
"F40642928;SAPIENS ENERGIA COOP.V;0,0;0,0;0,0;0,0;0,0;0,391787;"
"A80503105;SARAS ENERGIA SA;0,0;0,0;0,0;0,0;0,0;1548,896471;"
"CZ14160218;SECOND FOUNDATION ENERGY, A.S.;0,0;0,0;0,0;0,0;0,0;0,0;"
"CHE154481776;SECOND FOUNDATION TRADING AG;0,0;0,0;0,0;0,0;0,0;0,0;"
"B01766807;SEEIT ENERGIA;0,0;0,0;0,0;0,0;0,0;5,240592;"
"GB927405129;SEFE Marketing & Trading Limited;0,0;0,0;0,0;0,0;0,0;0,0;"
"CHE138925786;SEFE Marketing & Trading Switzerland AG;0,0;0,0;0,0;0,0;0,0;0,0;"
"B88484076;SERMAT FUTURA 2019, S.L.;0,0;0,0;0,0;0,0;0,0;1,87;"
"B13900816;SERVICIOS ENERGETICOS AVANZADOS SL;0,0;0,0;0,0;0,0;0,0;7,922671;"
"A99262610;SERVIGAS S XXI SA;0,0;0,0;0,0;0,0;0,0;1280,408232;"
"B70921416;SERVINERGIA ELECTRICA, S.L.;0,0;0,0;0,0;0,0;0,0;0,0;"
"B02775799;SHARE YOUR ENERGY SL;0,0;0,0;0,0;0,0;0,0;0,224;"
"GB235763255;SHELL ENERGY EUROPE LIMITED;0,0;0,0;0,0;0,0;0,0;0,0;"
"A28013522;SHELL ESPAÑA SA;0,0;0,0;0,0;0,0;0,0;3985,587852;"
"A83303776;SHELL SPAIN LNG, SAU;0,0;0,0;0,0;0,0;0,0;0,0;"
"N0036664A;SHELL TRADING ROTTERDAM, B.V.;0,0;0,0;0,0;0,0;0,0;0,0;"
"W0364007E;SHELL WESTERN LNG B.V. Sucursal en España;0,0;0,0;0,0;0,0;0,0;0,0;"
"B54737408;SIESTA GREEN ENERGY SL;0,0;0,0;0,0;0,0;0,0;6,516511;"
"B01804400;SIGNO ENERGY SL;0,0;0,0;0,0;0,0;0,0;0,6623;"
"B70856828;SIMPLIA ENERGIA, S.L;0,0;0,0;0,0;0,0;0,0;0,0;"
"B02914042;SIRAX ENERGY SOCIEDAD LIMITADA;0,0;0,0;0,0;0,0;0,0;1,192;"
"B99298481;SISTEMAS URBANOS DE ENERGIAS RENOVABLES SOCIEDAD LIMITADA;0,0;0,0;0,0;0,0;0,0;13,719;"
"B88637533;SMART GAS ENERGY S.L.;0,0;0,0;0,0;0,0;0,0;48,442589;"
"GB773846584;SMARTESTENERGY LIMITED;0,0;0,0;0,0;0,0;0,0;0,0;"
"B01612480;SMART INVEST SOLUTIONS SL;0,0;0,0;0,0;0,0;0,0;0,0;"
"CHE113990112;SOCAR TRADING, S.A.;0,0;0,0;0,0;0,0;0,0;0,0;"
"B99567364;SOCIEDAD ARAGONESA DE COMERCIALIZACION DE ENERGIA SL;0,0;0,0;0,0;0,0;0,0;10,54866;"
"F47005368;SOCIEDAD COOPERATIVA GENERAL AGROPECUARIA ACOR;0,0;0,0;0,0;0,0;0,0;0,0;"
"A48149462;SOCIEDAD DE HIDROCARBUROS DE EUSKADI SA-EUSKADIKO HIDROKARBURO B;0,0;0,0;0,0;0,0;0,0;0,0;"
"A35660844;SOCIEDAD MUNICIPAL DE GESTION URBANISTICA DE LAS PALMAS DE GRAN CANARIA S.A;0,0;0,0;0,0;0,0;0,0;0,30828;"
"B25821265;SOCIETAT MUNICIPAL DE COMERCIALITZACIO ELECTRICA DE TIRVIA, S.L;0,0;0,0;0,0;0,0;0,0;0,0;"
"F39781794;SOLABRIA S.COOP.;0,0;0,0;0,0;0,0;0,0;2,977028;"
"B88639059;SOLAR EAAS SL;0,0;0,0;0,0;0,0;0,0;0,0;"
"B95922134;SOLARPACK ENERGY SOCIEDAD LIMITADA;0,0;0,0;0,0;0,0;0,0;0,0;"
"B44959906;SOLFLIX SOLAR SL;0,0;0,0;0,0;0,0;0,0;0,0;"
"B10588333;SOLHIDRO GREEN SUMINISTRADORA, S.L.;0,0;0,0;0,0;0,0;0,0;0,0;"
"B02815546;SOLWE ENERGIA SOCIEDAD LIMITADA;0,0;0,0;0,0;0,0;0,0;12,102709;"
"F55091367;SOM ENERGIA SCCL;0,0;0,0;0,0;0,0;0,0;306,224987;"
"A84689272;SONATRACH GAS COMERCIALIZADORA SAU;0,0;0,0;0,0;0,0;0,0;0,0;"
"99916001028217;SONELGAZ;0,0;0,0;0,0;0,0;0,0;0,0;"
"B19892025;SONESTA LUZ, S.L.;0,0;0,0;0,0;0,0;0,0;0,0;"
"B04777868;SOPHIM IBERIA S.L.;0,0;0,0;0,0;0,0;0,0;0,0;"
"B67743567;SPOCK P2P, S.L.;0,0;0,0;0,0;0,0;0,0;0,0;"
"DE204011192;STATKRAFT MARKETS GMBH;0,0;0,0;0,0;0,0;0,0;0,0;"
"A02022366;STIN,SA;0,0;0,0;0,0;0,0;0,0;57,9497;"
"N0114121G;STX COMMODITIES BV;0,0;0,0;0,0;0,0;0,0;0,0;"
"F04030672;SUCA SDAD COOP ANDALUZA;0,0;0,0;0,0;0,0;0,0;5,44783;"
"B40639692;SUMA ENERGIA COMERCIALIZADORA SL;0,0;0,0;0,0;0,0;0,0;1,27847;"
"B87826269;SUMINISTROS DE GAS Y LUZ EUROPA,S.L.;0,0;0,0;0,0;0,0;0,0;0,0;"
"F46004834;SUMINISTROS ESPECIALES ALGINETENSE SDADCOOP;0,0;0,0;0,0;0,0;0,0;11,954553;"
"B72441090;SUMINISTROS TOTAL 2022, SL.;0,0;0,0;0,0;0,0;0,0;0,0;"
"B88543608;SUN POWER SPAIN 365 S.L.;0,0;0,0;0,0;0,0;0,0;7,244359;"
"B55567986;SUNAIR ONE ENERGY SOCIEDAD LIMITADA;0,0;0,0;0,0;0,0;0,0;19,13;"
"B55641708;SUNAIR ONE HOME SL;0,0;0,0;0,0;0,0;0,0;0,947;"
"B44959922;SUNFLIX RENOVABLES SL;0,0;0,0;0,0;0,0;0,0;0,0;"
"B87546990;SUPRA ENERGIA SL;0,0;0,0;0,0;0,0;0,0;0,0;"
"A75128660;SWAP ENERGIA SA;0,0;0,0;0,0;0,0;0,0;294,86695;"
"B99275851;SYDER COMERCIALIZADORA VERDE SOCIEDAD LIMITADA;0,0;0,0;0,0;0,0;0,0;0,0;"
"B25818717;TALARN ENERGIA ELECTRICA SLU;0,0;0,0;0,0;0,0;0,0;0,399037;"
"A80126881;TAMOIL ESPAÑA SA;0,0;0,0;0,0;0,0;0,0;909,98901;"
"B04949384;TAUTRA ENERGIA, S.L.;0,0;0,0;0,0;0,0;0,0;0,0;"
"A80028731;TELECOR SA;0,0;0,0;0,0;0,0;0,0;124,796475;"
"A78053147;TELEFONICA SOLUCIONES DE INFORMATICA Y COMUNICACIONES DE ESPAÑA SAU;0,0;0,0;0,0;0,0;0,0;7,366093;"
"B22410716;Tensina de Energía y Servicios;0,0;0,0;0,0;0,0;0,0;4,577129;"
"B52031168;TERAMELCOR SL;0,0;0,0;0,0;0,0;0,0;1,32859;"
"B88553003;TERRANUEVAENERGIA SL;0,0;0,0;0,0;0,0;0,0;0,0;"
"B56642879;TH ELECTRICITY GAS SOCIEDAD LIMITADA;0,0;0,0;0,0;0,0;0,0;0,0;"
"B66027731;THE YELLOW ENERGY, SL;0,0;0,0;0,0;0,0;0,0;1338,958;"
"NL857902672801;TITAN SUPPLY B.V.;0,0;0,0;0,0;0,0;0,0;0,0;"
"B10747913;TMS ESPAÑA 2022, S.L.;0,0;0,0;0,0;0,0;0,0;0,0;"
"B44680882;TOMMI ENERGY, S.L.;0,0;0,0;0,0;0,0;0,0;0,0;"
"B19872191;TORNADIZOS ENERGY, S.L.;0,0;0,0;0,0;0,0;0,0;0,0;"
"A95000295;TOTALENERGIES CLIENTES SAU;0,0;0,0;0,0;0,0;0,0;3280,656811;"
"A87803862;TOTALENERGIES ELECTRICIDAD Y GAS ESPAÑA SA;0,0;0,0;0,0;0,0;0,0;7424,628758;"
"N8268027C;TOTALENERGIES GAS & POWER LIMITED;0,0;0,0;0,0;0,0;0,0;0,0;"
"A28131571;TOTALENERGIES MARKETING ESPAÑA SAU;0,0;0,0;0,0;0,0;0,0;45,855136;"
"N0018971B;TOTALENERGIES TRADING EUROPE;0,0;0,0;0,0;0,0;0,0;0,0;"
"A08800880;TRACTAMENT I SELECCIO DE RESIDUS SA;0,0;0,0;0,0;0,0;0,0;267,215359;"
"B66814591;TRADEA BROS OPERADOR PETROLIFERO, S.L.;0,0;0,0;0,0;0,0;0,0;0,0;"
"B25849522;TRADEA GREEN GAS S.L.U.;0,0;0,0;0,0;0,0;0,0;11,253;"
"199601595D;TRAFIGURA PTE, LTD;0,0;0,0;0,0;0,0;0,0;0,0;"
"CHE194037761;TRAFIGURA TRADING (Europe), SARL;0,0;0,0;0,0;0,0;0,0;0,0;"
"N0024195J;TRAFIGURA VENTURES V BV;0,0;0,0;0,0;0,0;0,0;0,0;"
"B56854508;TRICLINIUM INVERSIONES, S.L.;0,0;0,0;0,0;0,0;0,0;0,0;"
"B06969059;TU ELECTRICA SL;0,0;0,0;0,0;0,0;0,0;17,989919;"
"B01775212;TUCAN ENERGIA, S.L.;0,0;0,0;0,0;0,0;0,0;0,0;"
"B98898240;TUNERGIA EFICIENCIA ENERGETICA Y RENOVABLE SOCIEDAD LIMITADA;0,0;0,0;0,0;0,0;0,0;20,610162;"
"B70852116;TURN2X ASSET COI EXTREMADURA, S.L.U.;0,0;0,0;0,0;0,0;0,0;0,0;"
"LT100016041310;UAB Monta Trading;0,0;0,0;0,0;0,0;0,0;0,0;"
"B47762497;ULTREYA SOLUCIONES, S.L.;0,0;0,0;0,0;0,0;0,0;0,0;"
"B98970379;UMBRELLA ELECTRON S.L;0,0;0,0;0,0;0,0;0,0;0,0;"
"A14944276;UNIELECTRICA ENERGIA SA;0,0;0,0;0,0;0,0;0,0;491,97911;"
"N0040763E;UNIPER GLOBAL COMMODITIES SE;0,0;0,0;0,0;0,0;0,0;0,0;"
"B05421219;URANOSCOPIDAE ENERGIA VI;0,0;0,0;0,0;0,0;0,0;0,0;"
"B05467352;URANOSCOPIDAE VII, S.L.;0,0;0,0;0,0;0,0;0,0;0,0;"
"B72668205;VARAENER SL;0,0;0,0;0,0;0,0;0,0;0,013357;"
"N3030514H;VARO ENERGY NETHERLANDS BV;0,0;0,0;0,0;0,0;0,0;0,0;"
"DE813152937;VATTENFALL ENERGY TRADING GMBH;0,0;0,0;0,0;0,0;0,0;0,0;"
"B88231576;VECTOR Energía S.L;0,0;0,0;0,0;0,0;0,0;0,0;"
"B67762807;VELETA ENERGIA SL;0,0;0,0;0,0;0,0;0,0;2,261354;"
"B70679857;VERDE ENERGIA Y GAS, S.L.;0,0;0,0;0,0;0,0;0,0;0,0;"
"B44669323;VESTA RENOVABLES SLL;0,0;0,0;0,0;0,0;0,0;0,0;"
"B16373078;VIMCOMEL SL;0,0;0,0;0,0;0,0;0,0;0,0;"
"B37547619;VIRGIN ELECTRIC SL;0,0;0,0;0,0;0,0;0,0;5,826079;"
"B09819814;VIROQUE ENERGY, S.L.;0,0;0,0;0,0;0,0;0,0;0,0;"
"B67927061;VIROQUE PETROLEUM, S.L.;0,0;0,0;0,0;0,0;0,0;206,018;"
"B66152851;VIRTUAL POWER PLANT & SMART ENERGY S.L.;0,0;0,0;0,0;0,0;0,0;0,0;"
"B55314041;VIRTUS GLOBAL ENERGY SL;0,0;0,0;0,0;0,0;0,0;0,0;"
"CHE186830964;Virtus Resources Partners AG;0,0;0,0;0,0;0,0;0,0;0,0;"
"B67302489;VISALIA ENERGIA S.L.;0,0;0,0;0,0;0,0;0,0;154,032014;"
"B72865512;VISTA SMART FUELS;0,0;0,0;0,0;0,0;0,0;0,0;"
"A81716706;VITOGAS ESPAÑA SA SOC UNIPERSONAL;0,0;0,0;0,0;0,0;0,0;561,24925;"
"N3030308E;VITOL NETHERLANDS BV;0,0;0,0;0,0;0,0;0,0;0,0;"
"N0392231G;VITOL SA;0,0;0,0;0,0;0,0;0,0;0,0;"
"B87717823;VIVA ENERGIA Y SOLUCIONES SL;0,0;0,0;0,0;0,0;0,0;5,68387;"
"A87705471;VIVE ENERGIA ELÉCTRICA, S.A.;0,0;0,0;0,0;0,0;0,0;0,0;"
"A66783515;VIVO ENERGIA FUTURA SA;0,0;0,0;0,0;0,0;0,0;38,7898;"
"N0374865D;VOLTA ENERGY DESIGNATED ACTIVITY COMPANY;0,0;0,0;0,0;0,0;0,0;0,0;"
"B86755147;WATIO WHOLESALE SL;0,0;0,0;0,0;0,0;0,0;13,201402;"
"B67572677;WATIOX GREEN ENERGY, SL;0,0;0,0;0,0;0,0;0,0;0,0;"
"B86459260;WATIUM SL;0,0;0,0;0,0;0,0;0,0;0,0;"
"B67686782;WEKIWI SL;0,0;0,0;0,0;0,0;0,0;31,565608;"
"B01625656;WIBERLUZYGAS SOCIEDAD LIMITADA;0,0;0,0;0,0;0,0;0,0;1,02894;"
"B56230659;WIKU ENERGIA SL;0,0;0,0;0,0;0,0;0,0;0,0;"
"A84000884;WIND TO MARKET SA;0,0;0,0;0,0;0,0;0,0;399,060725;"
"A94071727;XENERA COMPANIA ELECTRICA SAU;0,0;0,0;0,0;0,0;0,0;131,40761;"
"B85057123;YADE JORMAN ESPAÑA S.L.;0,0;0,0;0,0;0,0;0,0;49,233999;"
"B73727927;ZELTRIA ENERGIA SL;0,0;0,0;0,0;0,0;0,0;1,18;"
"B70785100;ZETA ENERXIA GALEGA SL;0,0;0,0;0,0;0,0;0,0;0,07965;"
"B67983734;ZUG POWER, S.L.;0,0;0,0;0,0;0,0;0,0;0,001067;"
"B88404751;ZULUX ENERGIA, SLU.;0,0;0,0;0,0;0,0;0,0;0,0;"
